// Auto-generated from res8_activate_int8.tflite
#include <cstdint>

alignas(8) const unsigned char res8_activate_int8_tflite[] = {
  0x1c, 0x00, 0x00, 0x00, 0x54, 0x46, 0x4c, 0x33, 0x14, 0x00, 0x20, 0x00,
  0x1c, 0x00, 0x18, 0x00, 0x14, 0x00, 0x10, 0x00, 0x0c, 0x00, 0x00, 0x00,
  0x08, 0x00, 0x04, 0x00, 0x14, 0x00, 0x00, 0x00, 0x1c, 0x00, 0x00, 0x00,
  0x98, 0x00, 0x00, 0x00, 0xf0, 0x00, 0x00, 0x00, 0x74, 0x1f, 0x00, 0x00,
  0x84, 0x1f, 0x00, 0x00, 0xb0, 0x69, 0x00, 0x00, 0x03, 0x00, 0x00, 0x00,
  0x01, 0x00, 0x00, 0x00, 0x10, 0x00, 0x00, 0x00, 0x00, 0x00, 0x0a, 0x00,
  0x10, 0x00, 0x0c, 0x00, 0x08, 0x00, 0x04, 0x00, 0x0a, 0x00, 0x00, 0x00,
  0x0c, 0x00, 0x00, 0x00, 0x1c, 0x00, 0x00, 0x00, 0x3c, 0x00, 0x00, 0x00,
  0x0f, 0x00, 0x00, 0x00, 0x73, 0x65, 0x72, 0x76, 0x69, 0x6e, 0x67, 0x5f,
  0x64, 0x65, 0x66, 0x61, 0x75, 0x6c, 0x74, 0x00, 0x01, 0x00, 0x00, 0x00,
  0x04, 0x00, 0x00, 0x00, 0x90, 0xff, 0xff, 0xff, 0x36, 0x00, 0x00, 0x00,
  0x04, 0x00, 0x00, 0x00, 0x08, 0x00, 0x00, 0x00, 0x6f, 0x75, 0x74, 0x70,
  0x75, 0x74, 0x5f, 0x30, 0x00, 0x00, 0x00, 0x00, 0x01, 0x00, 0x00, 0x00,
  0x04, 0x00, 0x00, 0x00, 0x3e, 0xe0, 0xff, 0xff, 0x04, 0x00, 0x00, 0x00,
  0x0c, 0x00, 0x00, 0x00, 0x6b, 0x65, 0x72, 0x61, 0x73, 0x5f, 0x74, 0x65,
  0x6e, 0x73, 0x6f, 0x72, 0x00, 0x00, 0x00, 0x00, 0x02, 0x00, 0x00, 0x00,
  0x34, 0x00, 0x00, 0x00, 0x04, 0x00, 0x00, 0x00, 0xdc, 0xff, 0xff, 0xff,
  0x39, 0x00, 0x00, 0x00, 0x04, 0x00, 0x00, 0x00, 0x13, 0x00, 0x00, 0x00,
  0x43, 0x4f, 0x4e, 0x56, 0x45, 0x52, 0x53, 0x49, 0x4f, 0x4e, 0x5f, 0x4d,
  0x45, 0x54, 0x41, 0x44, 0x41, 0x54, 0x41, 0x00, 0x08, 0x00, 0x0c, 0x00,
  0x08, 0x00, 0x04, 0x00, 0x08, 0x00, 0x00, 0x00, 0x38, 0x00, 0x00, 0x00,
  0x04, 0x00, 0x00, 0x00, 0x13, 0x00, 0x00, 0x00, 0x6d, 0x69, 0x6e, 0x5f,
  0x72, 0x75, 0x6e, 0x74, 0x69, 0x6d, 0x65, 0x5f, 0x76, 0x65, 0x72, 0x73,
  0x69, 0x6f, 0x6e, 0x00, 0x3a, 0x00, 0x00, 0x00, 0x80, 0x1e, 0x00, 0x00,
  0x78, 0x1e, 0x00, 0x00, 0x60, 0x1e, 0x00, 0x00, 0x44, 0x1e, 0x00, 0x00,
  0xd4, 0x1d, 0x00, 0x00, 0x44, 0x1d, 0x00, 0x00, 0x34, 0x19, 0x00, 0x00,
  0xa4, 0x18, 0x00, 0x00, 0x74, 0x17, 0x00, 0x00, 0xe4, 0x16, 0x00, 0x00,
  0xd4, 0x13, 0x00, 0x00, 0xec, 0x12, 0x00, 0x00, 0x5c, 0x12, 0x00, 0x00,
  0x4c, 0x0f, 0x00, 0x00, 0xdc, 0x0e, 0x00, 0x00, 0x8c, 0x0c, 0x00, 0x00,
  0x1c, 0x0c, 0x00, 0x00, 0x14, 0x0c, 0x00, 0x00, 0x2c, 0x0b, 0x00, 0x00,
  0xbc, 0x0a, 0x00, 0x00, 0x2c, 0x09, 0x00, 0x00, 0x8c, 0x08, 0x00, 0x00,
  0x1c, 0x08, 0x00, 0x00, 0x8c, 0x06, 0x00, 0x00, 0x3c, 0x06, 0x00, 0x00,
  0x2c, 0x05, 0x00, 0x00, 0x8c, 0x04, 0x00, 0x00, 0x3c, 0x04, 0x00, 0x00,
  0x2c, 0x03, 0x00, 0x00, 0xdc, 0x02, 0x00, 0x00, 0xd4, 0x02, 0x00, 0x00,
  0xcc, 0x02, 0x00, 0x00, 0x2c, 0x02, 0x00, 0x00, 0xdc, 0x01, 0x00, 0x00,
  0x3c, 0x01, 0x00, 0x00, 0x34, 0x01, 0x00, 0x00, 0x2c, 0x01, 0x00, 0x00,
  0x24, 0x01, 0x00, 0x00, 0x1c, 0x01, 0x00, 0x00, 0x14, 0x01, 0x00, 0x00,
  0x0c, 0x01, 0x00, 0x00, 0x04, 0x01, 0x00, 0x00, 0xfc, 0x00, 0x00, 0x00,
  0xf4, 0x00, 0x00, 0x00, 0xec, 0x00, 0x00, 0x00, 0xe4, 0x00, 0x00, 0x00,
  0xdc, 0x00, 0x00, 0x00, 0xd4, 0x00, 0x00, 0x00, 0xcc, 0x00, 0x00, 0x00,
  0xc4, 0x00, 0x00, 0x00, 0xbc, 0x00, 0x00, 0x00, 0xb4, 0x00, 0x00, 0x00,
  0xac, 0x00, 0x00, 0x00, 0xa4, 0x00, 0x00, 0x00, 0x9c, 0x00, 0x00, 0x00,
  0x94, 0x00, 0x00, 0x00, 0x74, 0x00, 0x00, 0x00, 0x04, 0x00, 0x00, 0x00,
  0xa2, 0xe1, 0xff, 0xff, 0x04, 0x00, 0x00, 0x00, 0x60, 0x00, 0x00, 0x00,
  0x0c, 0x00, 0x00, 0x00, 0x08, 0x00, 0x0e, 0x00, 0x08, 0x00, 0x04, 0x00,
  0x08, 0x00, 0x00, 0x00, 0x10, 0x00, 0x00, 0x00, 0x28, 0x00, 0x00, 0x00,
  0x00, 0x00, 0x06, 0x00, 0x08, 0x00, 0x04, 0x00, 0x06, 0x00, 0x00, 0x00,
  0x04, 0x00, 0x00, 0x00, 0x01, 0x00, 0x00, 0x00, 0xeb, 0x03, 0x00, 0x00,
  0x0c, 0x00, 0x18, 0x00, 0x14, 0x00, 0x10, 0x00, 0x0c, 0x00, 0x04, 0x00,
  0x0c, 0x00, 0x00, 0x00, 0x13, 0x8d, 0x80, 0xed, 0xf8, 0xda, 0xa0, 0x5b,
  0x02, 0x00, 0x00, 0x00, 0x02, 0x00, 0x00, 0x00, 0x04, 0x00, 0x00, 0x00,
  0x06, 0x00, 0x00, 0x00, 0x32, 0x2e, 0x32, 0x31, 0x2e, 0x30, 0x00, 0x00,
  0x0e, 0xe2, 0xff, 0xff, 0x04, 0x00, 0x00, 0x00, 0x10, 0x00, 0x00, 0x00,
  0x31, 0x2e, 0x31, 0x34, 0x2e, 0x30, 0x00, 0x00, 0x00, 0x00, 0x00, 0x00,
  0x00, 0x00, 0x00, 0x00, 0xb0, 0x99, 0xff, 0xff, 0xb4, 0x99, 0xff, 0xff,
  0xb8, 0x99, 0xff, 0xff, 0xbc, 0x99, 0xff, 0xff, 0xc0, 0x99, 0xff, 0xff,
  0xc4, 0x99, 0xff, 0xff, 0xc8, 0x99, 0xff, 0xff, 0xcc, 0x99, 0xff, 0xff,
  0xd0, 0x99, 0xff, 0xff, 0xd4, 0x99, 0xff, 0xff, 0xd8, 0x99, 0xff, 0xff,
  0xdc, 0x99, 0xff, 0xff, 0xe0, 0x99, 0xff, 0xff, 0xe4, 0x99, 0xff, 0xff,
  0xe8, 0x99, 0xff, 0xff, 0xec, 0x99, 0xff, 0xff, 0xf0, 0x99, 0xff, 0xff,
  0xf4, 0x99, 0xff, 0xff, 0xf8, 0x99, 0xff, 0xff, 0xfc, 0x99, 0xff, 0xff,
  0x00, 0x9a, 0xff, 0xff, 0x7e, 0xe2, 0xff, 0xff, 0x04, 0x00, 0x00, 0x00,
  0x90, 0x00, 0x00, 0x00, 0x40, 0x3e, 0x83, 0x81, 0xde, 0xff, 0x27, 0x72,
  0x7d, 0xb3, 0xea, 0x97, 0x88, 0x3b, 0x0e, 0x7f, 0xe6, 0x64, 0x4d, 0xf7,
  0xcb, 0x5b, 0xc7, 0x5d, 0x07, 0x38, 0x81, 0xeb, 0x51, 0xb4, 0x08, 0x48,
  0xb6, 0x05, 0x7f, 0x1c, 0xf8, 0x7f, 0x4c, 0xab, 0x87, 0x8a, 0xe3, 0xf9,
  0x09, 0xf6, 0x39, 0xa6, 0x49, 0xe6, 0xf1, 0x7f, 0xf7, 0x92, 0xad, 0xf3,
  0xc8, 0x3c, 0x81, 0x94, 0x17, 0x02, 0x0b, 0xd3, 0xdd, 0x4d, 0x2b, 0x67,
  0xd0, 0x81, 0x8d, 0xa6, 0x1c, 0x52, 0xfa, 0x25, 0x48, 0x7f, 0x13, 0xae,
  0x32, 0x51, 0xdc, 0x0d, 0xe7, 0x02, 0x40, 0x81, 0xa6, 0xc8, 0x84, 0x93,
  0xe9, 0x7c, 0x78, 0xd7, 0x7f, 0xfc, 0xc5, 0xb1, 0xf2, 0x81, 0x5e, 0xf2,
  0xc5, 0x08, 0xbd, 0xd1, 0x18, 0xf9, 0x10, 0x7f, 0x1a, 0x33, 0x2c, 0x03,
  0x37, 0x0f, 0x7f, 0x5f, 0x00, 0xee, 0x33, 0xe3, 0xb6, 0xa9, 0x3b, 0xff,
  0x22, 0xe5, 0xc0, 0xcc, 0x81, 0x34, 0x04, 0x32, 0x08, 0x40, 0x93, 0x81,
  0x76, 0xf6, 0x8d, 0x76, 0x1a, 0xe3, 0xff, 0xff, 0x04, 0x00, 0x00, 0x00,
  0x40, 0x00, 0x00, 0x00, 0xd8, 0xcc, 0xff, 0xff, 0x6d, 0x18, 0x00, 0x00,
  0x76, 0xd9, 0xff, 0xff, 0x6d, 0xbb, 0xff, 0xff, 0x11, 0x43, 0x00, 0x00,
  0x3c, 0xfd, 0xff, 0xff, 0x7a, 0x7d, 0x00, 0x00, 0xfc, 0x62, 0x00, 0x00,
  0x0f, 0x70, 0xff, 0xff, 0xa6, 0x4f, 0x00, 0x00, 0x1a, 0xf7, 0xff, 0xff,
  0xd4, 0x8b, 0x00, 0x00, 0x51, 0x6e, 0xff, 0xff, 0x83, 0xd8, 0xff, 0xff,
  0xcb, 0x33, 0x00, 0x00, 0x74, 0x00, 0x00, 0x00, 0x66, 0xe3, 0xff, 0xff,
  0x04, 0x00, 0x00, 0x00, 0x90, 0x00, 0x00, 0x00, 0x0e, 0xed, 0x64, 0x3e,
  0x6d, 0x0e, 0xcd, 0x95, 0xbd, 0x6d, 0x8b, 0x0a, 0xfb, 0x26, 0x52, 0x68,
  0xcd, 0x49, 0x26, 0x18, 0x90, 0xd5, 0x7f, 0xc0, 0x81, 0x43, 0x8a, 0x4c,
  0xc8, 0x6f, 0x81, 0x5a, 0xa6, 0x9c, 0x10, 0x7f, 0xbe, 0x7f, 0xd8, 0xae,
  0xf0, 0xff, 0x86, 0x81, 0x88, 0x7f, 0xf3, 0xc1, 0xf8, 0x66, 0x08, 0xa1,
  0x47, 0x2d, 0xaa, 0x95, 0x2c, 0x7f, 0xde, 0x35, 0x7f, 0x50, 0xbe, 0x09,
  0x81, 0x07, 0x7f, 0x14, 0x2e, 0xcd, 0x60, 0x7f, 0x14, 0xb9, 0xf5, 0x01,
  0xbe, 0xbe, 0x4a, 0x81, 0xbb, 0xd2, 0x55, 0x44, 0x93, 0x7b, 0xbf, 0x1f,
  0x22, 0x6f, 0x1e, 0x09, 0x17, 0xd1, 0x06, 0xcc, 0x1d, 0x28, 0x76, 0x8b,
  0x81, 0xee, 0x35, 0x66, 0x2e, 0xe6, 0x82, 0x42, 0x78, 0x7c, 0x0c, 0x6a,
  0x09, 0x8c, 0x5d, 0xe3, 0xdc, 0xe2, 0x81, 0x10, 0xb3, 0x8f, 0x81, 0x06,
  0x0a, 0xc4, 0x4a, 0x14, 0xd6, 0x81, 0xf1, 0x9a, 0xbd, 0xdd, 0x35, 0x4f,
  0xde, 0xe5, 0x6c, 0x9f, 0x94, 0x38, 0xff, 0xd8, 0x88, 0x9b, 0xff, 0xff,
  0x8c, 0x9b, 0xff, 0xff, 0x0a, 0xe4, 0xff, 0xff, 0x04, 0x00, 0x00, 0x00,
  0x40, 0x00, 0x00, 0x00, 0x00, 0x00, 0x00, 0x00, 0x00, 0x00, 0x00, 0x00,
  0x00, 0x00, 0x00, 0x00, 0x00, 0x00, 0x00, 0x00, 0x00, 0x00, 0x00, 0x00,
  0x00, 0x00, 0x00, 0x00, 0x00, 0x00, 0x00, 0x00, 0x00, 0x00, 0x00, 0x00,
  0x00, 0x00, 0x00, 0x00, 0x00, 0x00, 0x00, 0x00, 0x00, 0x00, 0x00, 0x00,
  0x00, 0x00, 0x00, 0x00, 0x00, 0x00, 0x00, 0x00, 0x00, 0x00, 0x00, 0x00,
  0x00, 0x00, 0x00, 0x00, 0x00, 0x00, 0x00, 0x00, 0x56, 0xe4, 0xff, 0xff,
  0x04, 0x00, 0x00, 0x00, 0x00, 0x01, 0x00, 0x00, 0xe4, 0x18, 0x5f, 0x9f,
  0x0e, 0x21, 0xe7, 0x92, 0x29, 0x7f, 0xc7, 0x11, 0x65, 0x49, 0xe0, 0x17,
  0x49, 0x85, 0xf9, 0x3e, 0x1b, 0x63, 0x79, 0xfb, 0x2b, 0xd1, 0x2d, 0x2f,
  0x81, 0x86, 0x70, 0x95, 0xa2, 0x09, 0x40, 0xeb, 0x0e, 0x68, 0x86, 0x22,
  0xe5, 0x1e, 0x81, 0x65, 0x8b, 0xcd, 0xea, 0x92, 0x7a, 0x6a, 0x27, 0x78,
  0x15, 0x27, 0x5e, 0xd2, 0xa2, 0xed, 0x8c, 0x05, 0x09, 0x39, 0x7f, 0x2e,
  0xa7, 0x59, 0x32, 0x07, 0x2c, 0x7f, 0x63, 0x77, 0xdd, 0x26, 0x99, 0x1e,
  0x10, 0xeb, 0x3d, 0xe3, 0x50, 0xb5, 0xa9, 0xba, 0xc0, 0x62, 0x01, 0xa1,
  0x74, 0x7f, 0xfa, 0x14, 0x33, 0x3d, 0xb1, 0x17, 0x30, 0x2d, 0x31, 0x14,
  0x4c, 0x7d, 0xb7, 0x7f, 0x29, 0x3e, 0xfd, 0xc3, 0x7a, 0x5d, 0xbc, 0xb1,
  0xbc, 0x99, 0x0b, 0x8a, 0xe6, 0xbb, 0xea, 0x7f, 0x9f, 0x4c, 0x2e, 0x1a,
  0x50, 0x4d, 0xc8, 0x29, 0xdd, 0x2a, 0xa2, 0x3d, 0x55, 0x62, 0x42, 0x5f,
  0x3a, 0xae, 0x3e, 0x4d, 0xec, 0x23, 0x54, 0x7f, 0x30, 0x20, 0x9a, 0x6a,
  0xc5, 0x7f, 0x34, 0x09, 0xbe, 0x5b, 0x20, 0xef, 0xa3, 0x3a, 0x19, 0xb5,
  0x58, 0xa3, 0x50, 0x7f, 0xdc, 0x3a, 0x4d, 0xd3, 0xc6, 0xfb, 0x40, 0x02,
  0xa6, 0x71, 0xdf, 0xa7, 0x4d, 0xfe, 0xf7, 0x2e, 0x7f, 0xe3, 0x31, 0xee,
  0x40, 0x92, 0x35, 0xa7, 0xff, 0xe7, 0xa2, 0xe8, 0xed, 0x69, 0x94, 0x9b,
  0xdd, 0xae, 0xbf, 0xdf, 0x79, 0x6a, 0x2a, 0xa1, 0x7f, 0x5b, 0x24, 0x2a,
  0x99, 0x19, 0x34, 0x61, 0x81, 0xa1, 0xad, 0xc3, 0xdf, 0x12, 0xe4, 0x6d,
  0xff, 0xd7, 0x6c, 0x14, 0x33, 0xfc, 0xcf, 0x8f, 0x35, 0xb3, 0x1e, 0xbc,
  0x03, 0xfb, 0xef, 0xa2, 0xcf, 0xd2, 0x81, 0x4d, 0x81, 0xc6, 0xb9, 0x27,
  0x16, 0x41, 0xe5, 0x8e, 0xde, 0xc1, 0xbd, 0xb7, 0xf3, 0x31, 0x9b, 0xd7,
  0x62, 0xe5, 0xff, 0xff, 0x04, 0x00, 0x00, 0x00, 0x40, 0x00, 0x00, 0x00,
  0x9b, 0xf7, 0xff, 0xff, 0xf9, 0x05, 0x00, 0x00, 0xb1, 0xf6, 0xff, 0xff,
  0x33, 0xfc, 0xff, 0xff, 0xc2, 0xf8, 0xff, 0xff, 0xa8, 0x02, 0x00, 0x00,
  0xb6, 0xfd, 0xff, 0xff, 0x63, 0xf8, 0xff, 0xff, 0x88, 0x06, 0x00, 0x00,
  0x90, 0x00, 0x00, 0x00, 0xde, 0xf9, 0xff, 0xff, 0xd6, 0x09, 0x00, 0x00,
  0x5b, 0x04, 0x00, 0x00, 0x77, 0xf8, 0xff, 0xff, 0x20, 0x06, 0x00, 0x00,
  0x1d, 0xfd, 0xff, 0xff, 0xae, 0xe5, 0xff, 0xff, 0x04, 0x00, 0x00, 0x00,
  0x90, 0x00, 0x00, 0x00, 0x37, 0x69, 0xca, 0xba, 0x1c, 0xdf, 0xff, 0xb8,
  0xbe, 0x48, 0xed, 0xa7, 0x1e, 0x7f, 0x30, 0x7f, 0x66, 0xf1, 0x51, 0x94,
  0x81, 0x21, 0xed, 0x0d, 0xcd, 0x5c, 0xa3, 0x56, 0x2f, 0x4c, 0xc9, 0xa2,
  0x72, 0x89, 0x68, 0x12, 0x3f, 0xad, 0xe5, 0xa8, 0x63, 0x54, 0xa5, 0x34,
  0x3c, 0xd8, 0x6e, 0x12, 0xd9, 0x7f, 0x94, 0x32, 0xa2, 0x5f, 0xd2, 0x7d,
  0x81, 0x6f, 0x81, 0x97, 0x4d, 0x62, 0xf8, 0xdb, 0x4c, 0x37, 0x01, 0x29,
  0x0f, 0x0f, 0xef, 0xc8, 0x5e, 0x7f, 0xa3, 0x7e, 0x17, 0xe5, 0x81, 0xf0,
  0x7f, 0x8e, 0x81, 0xb3, 0x3b, 0x13, 0xd4, 0x62, 0xd7, 0x55, 0xf6, 0x7f,
  0xa8, 0x4a, 0x10, 0x03, 0x58, 0x7b, 0x25, 0xa3, 0x68, 0x3e, 0x2d, 0x8f,
  0xc4, 0x5a, 0xaa, 0x91, 0xf3, 0x00, 0xc5, 0x17, 0xc5, 0x63, 0x82, 0x81,
  0xce, 0xc3, 0xe6, 0x57, 0x62, 0x60, 0x83, 0xd9, 0x21, 0xe0, 0xa1, 0x1e,
  0x50, 0x62, 0x38, 0xb7, 0x3d, 0x81, 0x81, 0x7f, 0x5e, 0xc0, 0x5f, 0x59,
  0x7f, 0xd1, 0x6c, 0x35, 0x4a, 0xe6, 0xff, 0xff, 0x04, 0x00, 0x00, 0x00,
  0x00, 0x01, 0x00, 0x00, 0xac, 0xbf, 0x8a, 0xc7, 0x5f, 0x81, 0x0d, 0xac,
  0x9e, 0xb0, 0x9b, 0xc0, 0xb6, 0x39, 0x91, 0x36, 0xcc, 0x20, 0xcb, 0x5f,
  0x6d, 0xda, 0x2b, 0x8a, 0x91, 0xbb, 0x81, 0xd0, 0x5a, 0x06, 0x70, 0x9b,
  0x47, 0xc5, 0xbf, 0x09, 0xce, 0xa8, 0x81, 0xff, 0xc7, 0x44, 0x30, 0xf8,
  0x2f, 0xf3, 0x23, 0x21, 0x2d, 0x4d, 0x17, 0xab, 0xaa, 0x24, 0x5a, 0xbc,
  0x43, 0x5a, 0xe4, 0x7f, 0xc4, 0x45, 0x50, 0x15, 0xc3, 0xea, 0x35, 0xa3,
  0xe4, 0x33, 0x50, 0x1c, 0xc4, 0xdc, 0x81, 0x77, 0x3a, 0x14, 0xbb, 0x69,
  0x5f, 0x3b, 0x99, 0x44, 0x17, 0xcb, 0x11, 0xf4, 0x1c, 0xda, 0xc9, 0x69,
  0xff, 0xaf, 0x7f, 0xf2, 0x1e, 0xc3, 0xec, 0x78, 0x48, 0x9c, 0x26, 0x02,
  0xd6, 0x7f, 0xcd, 0xc9, 0xe8, 0x51, 0xa4, 0xf0, 0x81, 0xfd, 0x32, 0x74,
  0x49, 0xc8, 0xf4, 0xe0, 0xa5, 0x25, 0xed, 0xeb, 0xcf, 0xbe, 0x3a, 0x5b,
  0x03, 0x02, 0x72, 0x2b, 0xf0, 0xb6, 0x3d, 0x5c, 0x73, 0xa5, 0x0b, 0xef,
  0x43, 0x81, 0x7c, 0x09, 0xfe, 0x59, 0xae, 0x0d, 0xb2, 0xa1, 0xc3, 0x20,
  0xfc, 0x1d, 0xd4, 0x9f, 0xda, 0x7f, 0xae, 0xd6, 0x2e, 0x58, 0xbf, 0x68,
  0x92, 0x81, 0x2f, 0x45, 0x7c, 0xc0, 0x43, 0xb2, 0xc2, 0xd1, 0xbf, 0xd8,
  0xc8, 0x59, 0xad, 0xa9, 0xed, 0x81, 0x27, 0x0c, 0x1c, 0xac, 0x50, 0x75,
  0xe8, 0xb7, 0xa9, 0x40, 0x54, 0x54, 0xfe, 0x78, 0x1f, 0xfb, 0xb0, 0x7f,
  0x2e, 0xf6, 0xfa, 0xed, 0x3a, 0x01, 0xb4, 0x06, 0x2c, 0x34, 0xaf, 0x0a,
  0x9d, 0xb8, 0x21, 0x01, 0x71, 0x1b, 0x35, 0xb2, 0x8c, 0xc7, 0x69, 0x7f,
  0x74, 0x28, 0xf5, 0xd3, 0x59, 0xf4, 0x48, 0x49, 0x94, 0x7b, 0x78, 0x75,
  0x41, 0xaa, 0xef, 0x7f, 0xdb, 0xab, 0xd5, 0x8b, 0xea, 0xd8, 0x09, 0x29,
  0x8e, 0x09, 0xc2, 0xcd, 0xa5, 0xac, 0x03, 0x7f, 0x56, 0xe7, 0xff, 0xff,
  0x04, 0x00, 0x00, 0x00, 0x40, 0x00, 0x00, 0x00, 0x17, 0x02, 0x00, 0x00,
  0xa9, 0x03, 0x00, 0x00, 0xcb, 0xfa, 0xff, 0xff, 0x26, 0xf8, 0xff, 0xff,
  0xf2, 0xfc, 0xff, 0xff, 0xb9, 0xfc, 0xff, 0xff, 0xdc, 0xfc, 0xff, 0xff,
  0x41, 0x06, 0x00, 0x00, 0xf1, 0x05, 0x00, 0x00, 0xed, 0xf9, 0xff, 0xff,
  0xf9, 0x04, 0x00, 0x00, 0x86, 0x02, 0x00, 0x00, 0x65, 0xfb, 0xff, 0xff,
  0xdb, 0x00, 0x00, 0x00, 0x61, 0xf9, 0xff, 0xff, 0x57, 0xff, 0xff, 0xff,
  0xa2, 0xe7, 0xff, 0xff, 0x04, 0x00, 0x00, 0x00, 0x80, 0x01, 0x00, 0x00,
  0x7f, 0x20, 0xa6, 0xce, 0x74, 0x5a, 0xae, 0x52, 0x2e, 0x55, 0xca, 0x44,
  0xc1, 0xfa, 0x0a, 0x51, 0x90, 0xe4, 0x81, 0xe8, 0x3d, 0x6b, 0x06, 0xe2,
  0x7c, 0x66, 0x6a, 0x06, 0xc4, 0x0b, 0x1d, 0x64, 0xca, 0xc8, 0xea, 0x86,
  0x85, 0xcd, 0x81, 0x11, 0x2b, 0x1b, 0x3a, 0xfd, 0x34, 0x34, 0xc5, 0x3e,
  0x81, 0x22, 0x8d, 0x60, 0xe1, 0xee, 0x9b, 0xcc, 0xad, 0x35, 0x9e, 0xb1,
  0x64, 0x61, 0x32, 0x11, 0xe5, 0xa0, 0x2c, 0x00, 0x3d, 0x60, 0x7f, 0x13,
  0x6b, 0xf0, 0x03, 0xcb, 0x66, 0xba, 0xbb, 0x47, 0x68, 0xcd, 0x2e, 0xa7,
  0xc4, 0xf8, 0x62, 0x81, 0x77, 0x23, 0x44, 0xad, 0x29, 0xd1, 0x36, 0xf5,
  0xaf, 0xf1, 0x98, 0x41, 0x3b, 0xb4, 0x41, 0x6c, 0x81, 0x4f, 0xc6, 0x4b,
  0xc3, 0x1f, 0x22, 0x62, 0xff, 0x4c, 0x30, 0x36, 0x53, 0xda, 0x21, 0x81,
  0x4c, 0xae, 0xbc, 0x22, 0xd8, 0x1a, 0x8d, 0xf7, 0x26, 0x1e, 0xd5, 0xb5,
  0xbe, 0x8f, 0xb2, 0x7f, 0xf6, 0xb1, 0x23, 0x10, 0xd9, 0x0a, 0x72, 0x07,
  0x7b, 0x49, 0xad, 0xe8, 0xc1, 0x81, 0x6a, 0xe3, 0x12, 0x13, 0xdd, 0x30,
  0xc6, 0x61, 0xf9, 0xbc, 0xb7, 0xcf, 0xd1, 0xc9, 0xe3, 0x1c, 0x2b, 0x7f,
  0x56, 0x3d, 0x4d, 0x07, 0xdc, 0x37, 0x48, 0x47, 0x63, 0xeb, 0xe2, 0xa8,
  0x19, 0x37, 0x66, 0x40, 0x33, 0x50, 0xc5, 0x3c, 0x15, 0x81, 0xdc, 0xb2,
  0x1d, 0x1a, 0xa6, 0x5b, 0x30, 0xee, 0x20, 0x81, 0xf5, 0x11, 0x38, 0x2c,
  0x18, 0x29, 0xfa, 0x66, 0xa2, 0xde, 0x69, 0x1b, 0x9f, 0x81, 0x31, 0x48,
  0xdb, 0xe1, 0x64, 0xc4, 0xa1, 0xbe, 0x71, 0xa0, 0xc1, 0x96, 0xd6, 0x04,
  0x44, 0xb5, 0x95, 0x8c, 0xf1, 0x63, 0x49, 0x0c, 0xfe, 0x81, 0x24, 0x84,
  0x35, 0xe5, 0x77, 0x81, 0x82, 0xed, 0x6c, 0xf0, 0x58, 0x29, 0x61, 0xbf,
  0xdb, 0x0a, 0x57, 0x94, 0xc4, 0xb9, 0x57, 0x11, 0x91, 0x92, 0xc6, 0xd9,
  0xd6, 0x81, 0xc2, 0x1c, 0xa6, 0xe0, 0xda, 0x61, 0xb6, 0xff, 0x77, 0x20,
  0xc8, 0xbd, 0xbc, 0x20, 0x14, 0x8e, 0x6a, 0x7f, 0xcd, 0x31, 0xd2, 0xeb,
  0x3b, 0xce, 0x9f, 0x28, 0xbf, 0x57, 0x81, 0x83, 0x42, 0xe8, 0xa7, 0xcb,
  0xa8, 0xb6, 0xbd, 0xed, 0xd2, 0x6d, 0x8d, 0x8f, 0x19, 0x7f, 0x09, 0x90,
  0xf4, 0xb2, 0xd7, 0x95, 0xdc, 0xfe, 0x46, 0xea, 0x59, 0xfa, 0x7f, 0x86,
  0x26, 0x18, 0x20, 0xeb, 0x67, 0xbc, 0x46, 0x18, 0x06, 0xd0, 0x2d, 0x77,
  0x74, 0xa0, 0x26, 0xe9, 0x81, 0x2c, 0x2d, 0xa9, 0xba, 0x4e, 0xdd, 0xc7,
  0x8e, 0xbd, 0x90, 0xb0, 0xd9, 0xdf, 0x02, 0xb8, 0x7c, 0x6e, 0x0c, 0x93,
  0x03, 0x2f, 0x81, 0xa9, 0x4e, 0xca, 0x3e, 0xb2, 0x0c, 0xe7, 0xef, 0x27,
  0x29, 0x6a, 0xbc, 0x6a, 0x85, 0x1c, 0x94, 0x3d, 0xd0, 0x81, 0x15, 0x4c,
  0x2e, 0xe9, 0xff, 0xff, 0x04, 0x00, 0x00, 0x00, 0x60, 0x00, 0x00, 0x00,
  0xe4, 0xe9, 0xff, 0xff, 0x2d, 0xf9, 0xff, 0xff, 0xaa, 0x0e, 0x00, 0x00,
  0x14, 0x0e, 0x00, 0x00, 0x09, 0xf2, 0xff, 0xff, 0x2a, 0xfd, 0xff, 0xff,
  0xe9, 0xf3, 0xff, 0xff, 0xdc, 0x02, 0x00, 0x00, 0x9c, 0x00, 0x00, 0x00,
  0x4a, 0xfc, 0xff, 0xff, 0x92, 0xf0, 0xff, 0xff, 0x84, 0xf4, 0xff, 0xff,
  0xcd, 0xf4, 0xff, 0xff, 0xa0, 0x08, 0x00, 0x00, 0x3a, 0x13, 0x00, 0x00,
  0xa1, 0xf9, 0xff, 0xff, 0xcf, 0x19, 0x00, 0x00, 0xef, 0xfc, 0xff, 0xff,
  0x83, 0x21, 0x00, 0x00, 0xd7, 0x15, 0x00, 0x00, 0xc8, 0xe9, 0xff, 0xff,
  0x2e, 0x1b, 0x00, 0x00, 0x89, 0x08, 0x00, 0x00, 0xcb, 0xfc, 0xff, 0xff,
  0x9a, 0xe9, 0xff, 0xff, 0x04, 0x00, 0x00, 0x00, 0x90, 0x00, 0x00, 0x00,
  0x1e, 0x7f, 0x03, 0xea, 0x41, 0xcd, 0xa3, 0x4b, 0x6c, 0x61, 0xf7, 0x20,
  0x8b, 0xa9, 0xf2, 0xe4, 0x2f, 0x3b, 0xa1, 0xdd, 0x17, 0x1f, 0x92, 0x12,
  0x15, 0xcc, 0x81, 0x91, 0x3a, 0xeb, 0x27, 0x65, 0x4f, 0x53, 0x18, 0xc8,
  0xa5, 0x01, 0x89, 0x81, 0x67, 0xc6, 0x65, 0x03, 0xb4, 0xbd, 0xf8, 0x7f,
  0xe2, 0x17, 0x9d, 0xe9, 0x65, 0xc1, 0x91, 0x24, 0x1c, 0xb8, 0x23, 0x47,
  0x9e, 0xa2, 0x7f, 0x5d, 0x81, 0x6c, 0xd4, 0x7f, 0xb7, 0x14, 0x39, 0xc1,
  0xd9, 0x20, 0xb7, 0x6c, 0xe3, 0x81, 0x69, 0x4d, 0xd4, 0x36, 0x4a, 0x08,
  0xd3, 0xc4, 0x7f, 0x3f, 0x64, 0x7f, 0x3a, 0x4d, 0x02, 0x15, 0x53, 0x72,
  0x36, 0x41, 0x30, 0xad, 0x7f, 0xe3, 0x8a, 0x4d, 0x28, 0x5f, 0xf0, 0x81,
  0x30, 0x15, 0x03, 0xd9, 0xea, 0x4c, 0x1d, 0x20, 0x5a, 0xd0, 0x5a, 0x77,
  0x7f, 0xfa, 0x02, 0x46, 0x7f, 0x0b, 0x14, 0x58, 0xdc, 0x33, 0x7f, 0x05,
  0x1d, 0x7f, 0xba, 0x33, 0xf2, 0x3c, 0x26, 0x92, 0x58, 0xfe, 0xa3, 0x5e,
  0x36, 0xea, 0xff, 0xff, 0x04, 0x00, 0x00, 0x00, 0x80, 0x01, 0x00, 0x00,
  0x73, 0xb5, 0xda, 0xd2, 0xe3, 0xb7, 0x23, 0x23, 0x6f, 0x44, 0x12, 0x44,
  0x81, 0xaf, 0x49, 0x01, 0xbc, 0x9e, 0x08, 0x89, 0x4e, 0x3a, 0xad, 0x41,
  0x04, 0x68, 0x7f, 0xf0, 0x21, 0xcc, 0x03, 0x8e, 0x65, 0xeb, 0x4c, 0x1e,
  0x50, 0x0c, 0x65, 0x33, 0xab, 0x7f, 0xd0, 0x96, 0x42, 0x23, 0x44, 0x41,
  0x09, 0xb8, 0xa3, 0x7f, 0x19, 0x6d, 0x79, 0xad, 0xb1, 0x89, 0xea, 0xd0,
  0xe3, 0xc4, 0x2d, 0x64, 0xba, 0xd0, 0x82, 0x8b, 0x1f, 0x33, 0xc9, 0x6a,
  0x20, 0xce, 0xa1, 0xa4, 0x6a, 0x63, 0x7f, 0x64, 0xc8, 0xbf, 0x28, 0xdd,
  0xf4, 0x86, 0x4d, 0x6e, 0x4d, 0x7f, 0x91, 0x52, 0x9e, 0x76, 0x19, 0x02,
  0xe4, 0x81, 0x48, 0x94, 0x5a, 0x5d, 0x34, 0xf2, 0xe4, 0xec, 0x13, 0x3c,
  0x46, 0xcc, 0x4c, 0x10, 0xc3, 0x9f, 0xf4, 0xce, 0x58, 0xbd, 0x4d, 0xa9,
  0x15, 0x28, 0x7f, 0xa5, 0xda, 0x41, 0x62, 0x16, 0x1d, 0xc9, 0x20, 0xa5,
  0x49, 0xbf, 0x6e, 0xad, 0xd9, 0x81, 0x89, 0xa8, 0xf1, 0x13, 0xda, 0xdb,
  0xc2, 0xb5, 0xcc, 0xa7, 0x81, 0x98, 0xc1, 0xf3, 0xa1, 0xdf, 0x97, 0x04,
  0xf5, 0x24, 0xe5, 0xd2, 0xfc, 0x41, 0xc5, 0x42, 0xa6, 0x2f, 0x45, 0x65,
  0xd7, 0x69, 0xe8, 0x58, 0xf9, 0x39, 0xa7, 0x81, 0x3c, 0xe3, 0x4e, 0x66,
  0x0b, 0xc8, 0x5e, 0x3f, 0xaf, 0x6d, 0x4f, 0x3e, 0x67, 0x66, 0x7f, 0xc6,
  0x2d, 0xe4, 0x19, 0xe3, 0x09, 0x11, 0xcc, 0x31, 0x7e, 0x4c, 0x46, 0x56,
  0x7f, 0xfa, 0x0e, 0xd4, 0x81, 0x8f, 0x5b, 0x7c, 0x0f, 0x2f, 0x83, 0xa8,
  0xa4, 0x56, 0xdd, 0xe7, 0x30, 0x25, 0x0d, 0x30, 0x3f, 0xf4, 0x08, 0x55,
  0x46, 0x19, 0xa1, 0x8c, 0xbb, 0xc4, 0x19, 0x83, 0x03, 0xc3, 0x81, 0x4c,
  0x49, 0xbb, 0x82, 0x08, 0x5c, 0xd3, 0xb7, 0x35, 0x1f, 0xdf, 0x3e, 0x51,
  0x17, 0x6a, 0x8a, 0x81, 0xb1, 0x50, 0x13, 0x41, 0x59, 0x9c, 0xbd, 0xdb,
  0xcf, 0xe1, 0xa2, 0x24, 0x97, 0x6a, 0x36, 0x7f, 0xc9, 0x9b, 0x24, 0xca,
  0x81, 0xdf, 0xf9, 0x9e, 0x07, 0xce, 0x6f, 0xc6, 0xb4, 0x3a, 0xe0, 0x1d,
  0xeb, 0x4a, 0x29, 0x53, 0x12, 0x62, 0x0f, 0xaa, 0xed, 0xc5, 0x02, 0x81,
  0xc9, 0xfb, 0xef, 0xcb, 0x9a, 0x25, 0x72, 0x04, 0x1c, 0xab, 0x5d, 0xef,
  0x7f, 0x3f, 0xc2, 0x22, 0xd9, 0x16, 0x78, 0xfb, 0x51, 0x8c, 0x7f, 0xab,
  0xc3, 0x58, 0x54, 0x45, 0xba, 0x48, 0x5a, 0x0e, 0x59, 0x16, 0xae, 0x0a,
  0xff, 0x79, 0x47, 0xde, 0x81, 0x53, 0x17, 0xba, 0x3f, 0xd3, 0xfa, 0x17,
  0x56, 0x5c, 0x28, 0x92, 0xb8, 0x05, 0xe5, 0x17, 0x0b, 0x23, 0xb8, 0x46,
  0xa6, 0x81, 0xc6, 0x22, 0xee, 0xd4, 0x90, 0x39, 0x2a, 0x0a, 0x1c, 0x69,
  0x81, 0x2f, 0x52, 0x1b, 0xf0, 0xc5, 0x38, 0x7d, 0x5c, 0x18, 0x5b, 0x00,
  0xc2, 0xeb, 0xff, 0xff, 0x04, 0x00, 0x00, 0x00, 0x60, 0x00, 0x00, 0x00,
  0xf0, 0xf8, 0xff, 0xff, 0xb2, 0x00, 0x00, 0x00, 0x27, 0x00, 0x00, 0x00,
  0x3e, 0x0e, 0x00, 0x00, 0x17, 0xf8, 0xff, 0xff, 0x98, 0xfd, 0xff, 0xff,
  0xe6, 0x04, 0x00, 0x00, 0x2b, 0x04, 0x00, 0x00, 0x29, 0x11, 0x00, 0x00,
  0x6a, 0x0f, 0x00, 0x00, 0xcd, 0x09, 0x00, 0x00, 0x25, 0x08, 0x00, 0x00,
  0x00, 0xf6, 0xff, 0xff, 0xa3, 0x08, 0x00, 0x00, 0x90, 0x04, 0x00, 0x00,
  0x38, 0x0d, 0x00, 0x00, 0x28, 0xf2, 0xff, 0xff, 0xa3, 0x0e, 0x00, 0x00,
  0x58, 0x03, 0x00, 0x00, 0x1c, 0xf1, 0xff, 0xff, 0x8e, 0x10, 0x00, 0x00,
  0xbc, 0x01, 0x00, 0x00, 0x9e, 0x02, 0x00, 0x00, 0x53, 0x06, 0x00, 0x00,
  0x2e, 0xec, 0xff, 0xff, 0x04, 0x00, 0x00, 0x00, 0xd8, 0x00, 0x00, 0x00,
  0x81, 0x81, 0x45, 0x5f, 0xb1, 0xe2, 0x41, 0x84, 0x3a, 0xd5, 0xc2, 0x07,
  0x7f, 0xc9, 0x28, 0x0f, 0x81, 0x10, 0x1a, 0x81, 0xd5, 0x89, 0x63, 0xa5,
  0xff, 0x06, 0xa2, 0xc0, 0x81, 0xe0, 0xde, 0xe0, 0xd2, 0x33, 0x81, 0xbf,
  0x34, 0xf2, 0x38, 0x30, 0x88, 0x9e, 0x66, 0x49, 0x46, 0xa8, 0xef, 0xe8,
  0x86, 0xd3, 0xbb, 0x81, 0x8f, 0xd4, 0x53, 0xcd, 0x81, 0x33, 0xa0, 0x95,
  0x0f, 0xa6, 0xec, 0xae, 0x6a, 0xda, 0xf5, 0xec, 0xee, 0x81, 0x60, 0x7f,
  0x0d, 0x0c, 0x25, 0xe1, 0x2b, 0x39, 0x6b, 0x36, 0xc3, 0x81, 0xfe, 0xfe,
  0xbb, 0xe9, 0xf2, 0x5b, 0x37, 0x84, 0x70, 0xb5, 0xc4, 0x94, 0x7f, 0xa2,
  0x02, 0x3a, 0x7f, 0x24, 0xe7, 0x7f, 0x58, 0x81, 0xd1, 0x18, 0x78, 0x81,
  0xaf, 0xd3, 0x3c, 0x2c, 0xff, 0x81, 0xe3, 0xc0, 0xe0, 0x43, 0x56, 0x65,
  0x1d, 0xfa, 0x0a, 0xe6, 0xa3, 0xf7, 0x7f, 0x9e, 0xf3, 0x1c, 0xef, 0x1b,
  0xed, 0x47, 0xc4, 0x81, 0x67, 0x51, 0x42, 0x20, 0xd4, 0x44, 0xbf, 0x1c,
  0xf1, 0x55, 0x78, 0x20, 0x1a, 0x50, 0xd3, 0x9f, 0xef, 0x56, 0x7c, 0xd7,
  0xf5, 0x7b, 0x40, 0x4b, 0xe6, 0xe7, 0x81, 0xb8, 0x41, 0x77, 0x3b, 0x5b,
  0x1d, 0xe6, 0xed, 0x3e, 0xd1, 0xff, 0xb0, 0xe5, 0xc7, 0x4f, 0x47, 0xa4,
  0xfc, 0x81, 0x08, 0xfb, 0xf1, 0x44, 0xcf, 0xd6, 0x7f, 0xdb, 0x27, 0xb3,
  0x1e, 0xb2, 0xb9, 0x65, 0xe3, 0x1f, 0xe3, 0x67, 0x08, 0x6a, 0x62, 0x4d,
  0x40, 0x8a, 0x7f, 0xf1, 0xba, 0x37, 0xbb, 0x9b, 0xb9, 0x19, 0x12, 0x99,
  0x98, 0xa4, 0xff, 0xff, 0x16, 0xed, 0xff, 0xff, 0x04, 0x00, 0x00, 0x00,
  0x60, 0x00, 0x00, 0x00, 0x00, 0x00, 0x00, 0x00, 0x00, 0x00, 0x00, 0x00,
  0x00, 0x00, 0x00, 0x00, 0x00, 0x00, 0x00, 0x00, 0x00, 0x00, 0x00, 0x00,
  0x00, 0x00, 0x00, 0x00, 0x00, 0x00, 0x00, 0x00, 0x00, 0x00, 0x00, 0x00,
  0x00, 0x00, 0x00, 0x00, 0x00, 0x00, 0x00, 0x00, 0x00, 0x00, 0x00, 0x00,
  0x00, 0x00, 0x00, 0x00, 0x00, 0x00, 0x00, 0x00, 0x00, 0x00, 0x00, 0x00,
  0x00, 0x00, 0x00, 0x00, 0x00, 0x00, 0x00, 0x00, 0x00, 0x00, 0x00, 0x00,
  0x00, 0x00, 0x00, 0x00, 0x00, 0x00, 0x00, 0x00, 0x00, 0x00, 0x00, 0x00,
  0x00, 0x00, 0x00, 0x00, 0x00, 0x00, 0x00, 0x00, 0x00, 0x00, 0x00, 0x00,
  0x00, 0x00, 0x00, 0x00, 0x82, 0xed, 0xff, 0xff, 0x04, 0x00, 0x00, 0x00,
  0x40, 0x02, 0x00, 0x00, 0x90, 0x8e, 0x46, 0xa0, 0x7c, 0x37, 0x81, 0xed,
  0xab, 0x6c, 0xcb, 0x06, 0x14, 0xfc, 0xa6, 0xc8, 0x67, 0xf8, 0x83, 0x23,
  0xd6, 0x63, 0x78, 0x32, 0x44, 0x24, 0x97, 0x1d, 0x3e, 0xe2, 0xc3, 0xc0,
  0x58, 0x11, 0x65, 0x4d, 0xf8, 0x6a, 0x81, 0x15, 0x8f, 0x95, 0x5a, 0xb8,
  0xb5, 0xb4, 0xbd, 0x4a, 0x4b, 0x11, 0x0a, 0x09, 0xbf, 0xe4, 0xe1, 0xbc,
  0xe5, 0x47, 0x1a, 0xd9, 0x66, 0xa1, 0xf5, 0x67, 0xf7, 0x6b, 0x6b, 0x95,
  0x0b, 0x0d, 0xbe, 0x7f, 0xce, 0x27, 0xf0, 0x7d, 0x3c, 0x81, 0x58, 0x86,
  0x3d, 0x04, 0x17, 0x9a, 0x6a, 0x2d, 0xec, 0x56, 0x39, 0xc9, 0x49, 0x29,
  0xf1, 0x54, 0xb4, 0xa7, 0x3a, 0xcd, 0xaa, 0x7f, 0x52, 0x65, 0x1d, 0x1e,
  0x9f, 0xfe, 0xaa, 0xab, 0xba, 0xce, 0xce, 0xf4, 0xf6, 0x10, 0xca, 0x2c,
  0xdf, 0xbb, 0x3f, 0x1b, 0x3b, 0x13, 0x81, 0xb1, 0xf4, 0x1b, 0x8b, 0x51,
  0x7f, 0x9f, 0x47, 0xa0, 0x54, 0x72, 0x46, 0xf7, 0x35, 0x66, 0x2b, 0x5b,
  0xfc, 0x0d, 0xab, 0xa6, 0x20, 0x2d, 0x06, 0x48, 0x56, 0xb0, 0x75, 0xa4,
  0xc0, 0x50, 0xf2, 0x53, 0x0a, 0x16, 0xb4, 0x18, 0x52, 0x02, 0x7f, 0xea,
  0xc2, 0x22, 0xdc, 0x99, 0x6e, 0x7c, 0xef, 0x04, 0x96, 0xb7, 0x57, 0xb6,
  0xa5, 0x38, 0x56, 0x39, 0x70, 0xec, 0xae, 0x39, 0xfc, 0x1b, 0xab, 0x98,
  0xeb, 0x7f, 0xe2, 0xf7, 0x49, 0x3a, 0x81, 0x2e, 0xf6, 0xbc, 0x14, 0x26,
  0x53, 0x06, 0xc3, 0x4d, 0x48, 0x06, 0xcd, 0x6f, 0x74, 0xf1, 0xe2, 0xaa,
  0x3b, 0xce, 0x32, 0xef, 0xe8, 0xe7, 0x48, 0x41, 0xed, 0x13, 0xd0, 0x1f,
  0xc9, 0x0b, 0x1c, 0xf9, 0xb6, 0xe1, 0xde, 0x55, 0x7f, 0xf0, 0x5b, 0xdd,
  0xe3, 0xd0, 0xbd, 0xef, 0xd0, 0xdb, 0x1f, 0x4a, 0xc2, 0x9e, 0xb4, 0x09,
  0xd8, 0xdf, 0x0a, 0x91, 0x21, 0xf0, 0x9b, 0x34, 0x81, 0xec, 0x1c, 0x0e,
  0xce, 0xcc, 0x22, 0xf0, 0x6c, 0x32, 0xd2, 0x31, 0x6f, 0x81, 0xb0, 0xb3,
  0xe7, 0xfa, 0xc5, 0x59, 0xdd, 0x0d, 0xd4, 0x6d, 0x8e, 0x78, 0x1a, 0x43,
  0x6c, 0x00, 0xf4, 0xa1, 0x45, 0xc5, 0x7f, 0x6f, 0xa1, 0xd9, 0xde, 0x2f,
  0xf2, 0x8e, 0x76, 0x46, 0x2f, 0x22, 0xf8, 0x03, 0x53, 0xa8, 0x57, 0xbe,
  0xfa, 0x30, 0x53, 0xc2, 0x5a, 0xb3, 0xd7, 0xc6, 0xdb, 0x29, 0x7f, 0x04,
  0xc9, 0x99, 0xd0, 0x35, 0x72, 0x04, 0x24, 0x90, 0x14, 0x60, 0xa0, 0x91,
  0x51, 0x45, 0x1c, 0xfc, 0x81, 0xe7, 0x1d, 0xdb, 0xda, 0x9b, 0x05, 0xa9,
  0xc4, 0xb5, 0x50, 0x42, 0xb8, 0x28, 0xd4, 0x0a, 0xe6, 0x47, 0x15, 0xbd,
  0x51, 0xf1, 0x32, 0xc4, 0x3c, 0x14, 0xc5, 0xa8, 0xd8, 0x3a, 0xc5, 0xb1,
  0x53, 0xef, 0xfe, 0xea, 0x36, 0x7e, 0xe7, 0x1a, 0xad, 0x93, 0xc9, 0x81,
  0xcc, 0x0f, 0x0e, 0xe3, 0x3d, 0x23, 0xc0, 0x81, 0x71, 0xd0, 0x17, 0x27,
  0x3c, 0x04, 0x43, 0x66, 0x48, 0x74, 0x8f, 0x52, 0x55, 0x7b, 0xab, 0x89,
  0xc1, 0x9f, 0x00, 0xfd, 0xab, 0x60, 0x5f, 0xb5, 0x96, 0x81, 0x36, 0x69,
  0x50, 0xa2, 0xf4, 0xd4, 0x05, 0x2f, 0xb3, 0xd2, 0x1c, 0x99, 0x1c, 0x1d,
  0x79, 0xc7, 0x13, 0xf2, 0x7c, 0x11, 0x9b, 0xe9, 0x06, 0x3a, 0xe5, 0x0b,
  0xca, 0xa6, 0x7f, 0xff, 0x20, 0x24, 0x26, 0xa4, 0xcf, 0x3a, 0x31, 0x93,
  0xfd, 0x9d, 0xb8, 0x59, 0xef, 0x38, 0xb1, 0xda, 0x2a, 0x40, 0x15, 0xfa,
  0x81, 0x97, 0x95, 0xb3, 0x36, 0xa6, 0x56, 0x96, 0xd6, 0x44, 0xee, 0xc6,
  0xfa, 0xce, 0x32, 0xf9, 0x3e, 0xdd, 0xfc, 0x1c, 0x39, 0xe8, 0xc3, 0xfc,
  0x3f, 0x0d, 0x81, 0xc9, 0x23, 0x02, 0xed, 0x00, 0x10, 0x4b, 0x40, 0x20,
  0x46, 0xe4, 0xf9, 0x0f, 0x81, 0x54, 0x48, 0x20, 0xf1, 0xf2, 0x00, 0xe0,
  0xa7, 0xf9, 0x37, 0xa1, 0x45, 0x02, 0x20, 0x39, 0xfa, 0x35, 0x56, 0xeb,
  0x1a, 0x58, 0xcd, 0x18, 0xbd, 0xa7, 0xef, 0xb5, 0x46, 0x6c, 0x78, 0x99,
  0xc7, 0xf0, 0xae, 0x9c, 0x8f, 0x81, 0xf8, 0xc8, 0xa2, 0xb8, 0xf8, 0xed,
  0x52, 0x07, 0x21, 0xdd, 0x28, 0xdb, 0xdd, 0x5f, 0x62, 0xdb, 0x29, 0x1e,
  0x2f, 0xb0, 0xd4, 0x0d, 0x2b, 0x7f, 0x12, 0xbe, 0x4e, 0x38, 0x4c, 0xdc,
  0xfe, 0xbb, 0xc9, 0x4c, 0xce, 0xef, 0xff, 0xff, 0x04, 0x00, 0x00, 0x00,
  0x60, 0x00, 0x00, 0x00, 0x30, 0xfe, 0xff, 0xff, 0x7a, 0x08, 0x00, 0x00,
  0x99, 0xfb, 0xff, 0xff, 0xf4, 0xfe, 0xff, 0xff, 0x46, 0xfc, 0xff, 0xff,
  0x3b, 0x0c, 0x00, 0x00, 0xa5, 0xff, 0xff, 0xff, 0xab, 0xfc, 0xff, 0xff,
  0x42, 0x04, 0x00, 0x00, 0x3a, 0xff, 0xff, 0xff, 0x45, 0xfb, 0xff, 0xff,
  0x7a, 0x09, 0x00, 0x00, 0xc7, 0xfc, 0xff, 0xff, 0x55, 0xfd, 0xff, 0xff,
  0x44, 0xfa, 0xff, 0xff, 0x34, 0xfe, 0xff, 0xff, 0xf3, 0x09, 0x00, 0x00,
  0xab, 0x01, 0x00, 0x00, 0x6b, 0x02, 0x00, 0x00, 0x3e, 0xf9, 0xff, 0xff,
  0x69, 0x05, 0x00, 0x00, 0xf2, 0xf9, 0xff, 0xff, 0x74, 0xf3, 0xff, 0xff,
  0x91, 0x08, 0x00, 0x00, 0x3a, 0xf0, 0xff, 0xff, 0x04, 0x00, 0x00, 0x00,
  0x00, 0x03, 0x00, 0x00, 0xdf, 0xff, 0x35, 0x26, 0x04, 0x30, 0x2b, 0x73,
  0xd4, 0x9f, 0x23, 0x45, 0x3e, 0x17, 0xd6, 0xe2, 0x37, 0x7f, 0xf7, 0x07,
  0xe6, 0xca, 0x17, 0xff, 0xa6, 0xfc, 0xfd, 0xe7, 0x4f, 0xe4, 0xb5, 0x73,
  0x17, 0xc1, 0xd7, 0x1d, 0x17, 0x28, 0x2d, 0x4d, 0x81, 0x6c, 0xbc, 0xb6,
  0x5e, 0xb7, 0x10, 0x19, 0x49, 0x32, 0x2d, 0x14, 0x9d, 0x63, 0xd9, 0x70,
  0x22, 0x13, 0x84, 0x22, 0xe6, 0x81, 0x47, 0xa8, 0xd8, 0x1f, 0xc4, 0x54,
  0xf6, 0xfb, 0xf3, 0xc3, 0xf6, 0xff, 0xe2, 0x30, 0xda, 0x51, 0xcb, 0x27,
  0x7b, 0x1b, 0xc8, 0xf9, 0x41, 0x06, 0x18, 0x01, 0xb8, 0x95, 0x42, 0x33,
  0x50, 0x7f, 0x31, 0xb3, 0x7f, 0x03, 0x42, 0x21, 0xf6, 0x2f, 0xd8, 0xfd,
  0x06, 0x09, 0x36, 0x1d, 0x22, 0xf1, 0x05, 0x14, 0x35, 0xd0, 0x0d, 0x5d,
  0xe9, 0x13, 0x02, 0xde, 0x7f, 0x85, 0x11, 0x4a, 0x2b, 0x46, 0x81, 0xc1,
  0xa9, 0xf0, 0x74, 0x83, 0x39, 0xb2, 0x1b, 0xcd, 0xf2, 0xf2, 0x96, 0xef,
  0x49, 0xf7, 0x39, 0x33, 0x26, 0xbf, 0xb9, 0xec, 0x76, 0x98, 0x9f, 0xe2,
  0x07, 0xc1, 0x0e, 0x91, 0x1f, 0x4f, 0x28, 0x43, 0xb0, 0x34, 0xff, 0x35,
  0x7f, 0x37, 0x1a, 0xa8, 0xf6, 0xae, 0x4e, 0xe0, 0x5d, 0xe3, 0x15, 0xbf,
  0xf0, 0xd8, 0x4f, 0xa3, 0x2b, 0x1b, 0x16, 0xd7, 0xcb, 0xd7, 0x81, 0xd2,
  0x1b, 0x02, 0x0c, 0xe2, 0x7f, 0xa1, 0x01, 0x2a, 0x4e, 0xf1, 0xca, 0xf1,
  0x26, 0x2e, 0xed, 0xde, 0x29, 0xae, 0x02, 0x19, 0x50, 0x8d, 0xfc, 0x02,
  0x4d, 0x2a, 0xda, 0xab, 0x69, 0xd1, 0x0a, 0x40, 0xa8, 0x55, 0x32, 0xfd,
  0x57, 0xec, 0xe9, 0xe4, 0x00, 0x36, 0xe0, 0xc0, 0xcd, 0x81, 0x3b, 0x66,
  0x4f, 0x31, 0x52, 0x90, 0x27, 0xaf, 0xc9, 0x61, 0xd7, 0x0d, 0x92, 0x4e,
  0x40, 0x54, 0x29, 0x3c, 0x2b, 0xeb, 0x7f, 0xff, 0xbd, 0xc6, 0x60, 0x3e,
  0x79, 0x54, 0x4d, 0x02, 0x77, 0xe8, 0x11, 0x48, 0x11, 0x9e, 0xba, 0xce,
  0x2e, 0x0b, 0x22, 0x29, 0xf9, 0x28, 0xff, 0x50, 0x45, 0x2a, 0x0a, 0x24,
  0x44, 0x7f, 0x56, 0xc1, 0xc6, 0xb5, 0x28, 0x2f, 0x13, 0xc4, 0xc5, 0x39,
  0xaa, 0x98, 0xa8, 0x04, 0x0d, 0xff, 0x3e, 0x4c, 0x1f, 0xf6, 0x1c, 0x8c,
  0x55, 0x81, 0x2b, 0x69, 0x68, 0xf5, 0xf3, 0x27, 0x1c, 0x3d, 0xe0, 0x30,
  0x7f, 0xfd, 0xf6, 0x0d, 0xd2, 0xbf, 0x4f, 0x1a, 0x07, 0x1e, 0x10, 0xfd,
  0xf9, 0x65, 0xff, 0x31, 0xad, 0x8c, 0x27, 0x0d, 0xb1, 0x7f, 0x39, 0xfc,
  0x0f, 0xaf, 0xe7, 0xcf, 0x67, 0x19, 0xed, 0xd8, 0xb6, 0x03, 0xd3, 0x10,
  0xdb, 0xd8, 0xc7, 0x1d, 0x65, 0x11, 0xeb, 0x4d, 0x7a, 0xdd, 0xc6, 0xdb,
  0x20, 0x51, 0x9d, 0x07, 0x31, 0x34, 0x10, 0x10, 0x3a, 0xc9, 0xca, 0x7f,
  0xf7, 0x2f, 0x0a, 0xe2, 0x84, 0x8f, 0xe1, 0xe2, 0x3f, 0x1b, 0xf3, 0x09,
  0x25, 0xd2, 0x20, 0xea, 0x7f, 0x08, 0x1e, 0x5b, 0x12, 0x33, 0xbe, 0xd5,
  0xdd, 0xa8, 0x18, 0x0a, 0xe1, 0x84, 0x27, 0xd2, 0x8d, 0x28, 0x24, 0x1f,
  0x10, 0x9d, 0xb1, 0xd4, 0x25, 0x39, 0x7f, 0x4c, 0xc8, 0x1c, 0xb1, 0x1b,
  0xfd, 0x52, 0xbc, 0x5a, 0x0c, 0x0d, 0x4c, 0xb8, 0x49, 0x07, 0x40, 0x45,
  0x21, 0xf2, 0x88, 0x46, 0x28, 0x1a, 0x6f, 0x76, 0xff, 0x17, 0x60, 0x81,
  0x1c, 0xb0, 0xfc, 0xb7, 0x31, 0x0f, 0x7b, 0x52, 0xcc, 0x02, 0x20, 0x00,
  0x5a, 0x1b, 0x94, 0x30, 0x40, 0x9a, 0x4e, 0xc1, 0xe3, 0x81, 0xe8, 0x61,
  0xec, 0x4d, 0x18, 0xa3, 0x25, 0xfc, 0xfe, 0x3e, 0x17, 0x54, 0xb8, 0x32,
  0x6b, 0x57, 0x1d, 0xee, 0x30, 0x09, 0x45, 0x24, 0x47, 0x81, 0xf6, 0x73,
  0x10, 0x46, 0x32, 0x13, 0x20, 0x0d, 0xe7, 0xf8, 0x7f, 0x11, 0xb8, 0x1c,
  0x03, 0x1d, 0xbf, 0x9a, 0x21, 0xe5, 0x19, 0xc3, 0xbf, 0xe5, 0xef, 0xfd,
  0x19, 0x0b, 0x0c, 0xe3, 0x71, 0x17, 0x4b, 0x67, 0xc1, 0x1d, 0x0e, 0xee,
  0x74, 0x05, 0xeb, 0xb7, 0x02, 0x01, 0x65, 0x31, 0x33, 0x81, 0x19, 0x70,
  0xdc, 0xfb, 0x02, 0xfa, 0x66, 0x26, 0x65, 0x4b, 0xc2, 0x1a, 0xf2, 0xc7,
  0x32, 0xf9, 0xba, 0xa6, 0x41, 0x07, 0x39, 0xca, 0x3c, 0x81, 0x07, 0x0c,
  0x0d, 0x06, 0x5b, 0xb0, 0x23, 0x35, 0x38, 0xbc, 0x30, 0x4a, 0x99, 0xd5,
  0x81, 0x2a, 0x62, 0xa3, 0x2c, 0x19, 0xd5, 0xee, 0xa9, 0x3a, 0xb9, 0xd9,
  0x3d, 0xee, 0x54, 0xff, 0x6c, 0xfd, 0x2c, 0xc5, 0x2d, 0xa8, 0x27, 0xc0,
  0x53, 0xb2, 0xf6, 0xbb, 0x05, 0x3e, 0x8c, 0xca, 0xb0, 0xe0, 0x99, 0x02,
  0xec, 0xde, 0x7f, 0xa9, 0x4b, 0xa9, 0x78, 0x2b, 0x33, 0xff, 0x54, 0x44,
  0x62, 0xe8, 0x81, 0x5d, 0x19, 0xe4, 0xd4, 0x17, 0x1c, 0x18, 0x32, 0xc7,
  0xa0, 0x33, 0xe4, 0x9a, 0x18, 0xc6, 0xe8, 0xf8, 0x68, 0xac, 0xe9, 0xa7,
  0xd8, 0xe0, 0xc7, 0x0d, 0x42, 0xde, 0xb7, 0x27, 0xf8, 0x1f, 0x81, 0x47,
  0x42, 0x20, 0x03, 0xa2, 0xaf, 0x9d, 0xe7, 0x40, 0x00, 0x7f, 0x0c, 0x49,
  0xf4, 0x02, 0x81, 0xa6, 0x2b, 0x59, 0x04, 0xdb, 0x57, 0x3e, 0x3c, 0xa5,
  0x39, 0xc6, 0xbb, 0xdf, 0x8e, 0xb9, 0xd8, 0xbc, 0xe3, 0xe5, 0x19, 0x78,
  0xb6, 0xfd, 0x81, 0xea, 0x0d, 0x5c, 0x07, 0x0a, 0x93, 0xd4, 0xe2, 0xad,
  0x19, 0x1b, 0xc5, 0x21, 0x59, 0x06, 0x6f, 0x4c, 0xce, 0x46, 0xf9, 0xd1,
  0xea, 0x17, 0x34, 0x1f, 0x1a, 0x9a, 0xf3, 0x1b, 0x58, 0x81, 0xdb, 0x50,
  0x55, 0x43, 0xff, 0xb5, 0x49, 0x25, 0x02, 0x01, 0x45, 0x1b, 0x81, 0xc2,
  0xb9, 0x46, 0x2b, 0x0d, 0x64, 0x5d, 0x02, 0xec, 0xc1, 0x19, 0x88, 0x1c,
  0xef, 0xd3, 0x53, 0xbf, 0x46, 0xf3, 0xff, 0xff, 0x04, 0x00, 0x00, 0x00,
  0x80, 0x00, 0x00, 0x00, 0xdb, 0xf0, 0xff, 0xff, 0x72, 0x09, 0x00, 0x00,
  0x76, 0x01, 0x00, 0x00, 0x0a, 0xf3, 0xff, 0xff, 0x0c, 0xeb, 0xff, 0xff,
  0x07, 0x0a, 0x00, 0x00, 0xaa, 0x09, 0x00, 0x00, 0xf9, 0x14, 0x00, 0x00,
  0xfa, 0xfc, 0xff, 0xff, 0xdf, 0xf8, 0xff, 0xff, 0x4d, 0xe2, 0xff, 0xff,
  0xb7, 0xe9, 0xff, 0xff, 0x33, 0x0f, 0x00, 0x00, 0xfc, 0xea, 0xff, 0xff,
  0xbe, 0x15, 0x00, 0x00, 0x86, 0xf3, 0xff, 0xff, 0x74, 0x0b, 0x00, 0x00,
  0xbc, 0x10, 0x00, 0x00, 0x0f, 0xf3, 0xff, 0xff, 0x4b, 0xf9, 0xff, 0xff,
  0x3e, 0xdf, 0xff, 0xff, 0x81, 0x06, 0x00, 0x00, 0xd2, 0xed, 0xff, 0xff,
  0x1d, 0xfa, 0xff, 0xff, 0x85, 0x02, 0x00, 0x00, 0x29, 0x16, 0x00, 0x00,
  0x7a, 0xf8, 0xff, 0xff, 0x7d, 0x14, 0x00, 0x00, 0x94, 0x07, 0x00, 0x00,
  0xb6, 0x1e, 0x00, 0x00, 0xf8, 0xf0, 0xff, 0xff, 0x61, 0x01, 0x00, 0x00,
  0xd2, 0xf3, 0xff, 0xff, 0x04, 0x00, 0x00, 0x00, 0xd8, 0x00, 0x00, 0x00,
  0xc8, 0xfb, 0xb7, 0x4a, 0x32, 0x81, 0xd5, 0x47, 0xba, 0x48, 0x98, 0x63,
  0x3a, 0x07, 0xd9, 0x81, 0xf2, 0x92, 0xf4, 0x35, 0xc7, 0x96, 0x08, 0xd4,
  0x73, 0xc1, 0xad, 0x12, 0x27, 0x0d, 0x84, 0x7f, 0xf9, 0xe2, 0x81, 0xc6,
  0x81, 0x7e, 0x2c, 0xe7, 0x3f, 0xd3, 0xf8, 0xac, 0xfb, 0xb4, 0x98, 0x81,
  0x77, 0x7f, 0x9e, 0x7f, 0x7d, 0xf6, 0xee, 0x13, 0xdd, 0x7f, 0x05, 0xe3,
  0xe3, 0x7f, 0xc0, 0xae, 0x22, 0x8b, 0x3d, 0xf6, 0xc9, 0xa7, 0xfd, 0xb4,
  0x30, 0xfa, 0x7c, 0xbf, 0xc5, 0x08, 0x73, 0xd6, 0xe5, 0x27, 0x3b, 0x9f,
  0xdd, 0xbb, 0xfa, 0x05, 0xe6, 0x2f, 0x43, 0xda, 0xf8, 0x32, 0xd7, 0x28,
  0x7f, 0xcb, 0x81, 0xea, 0x17, 0xd9, 0x81, 0x9c, 0xe2, 0xdb, 0x74, 0x81,
  0xea, 0x10, 0x7f, 0xb7, 0xb5, 0xdf, 0x81, 0x48, 0xe4, 0xed, 0x2b, 0x02,
  0x53, 0x06, 0x08, 0xc8, 0xa9, 0x14, 0x25, 0xc3, 0x94, 0xd6, 0x9a, 0xd4,
  0x8b, 0x9c, 0x63, 0xe3, 0xbe, 0xa1, 0x9e, 0x2a, 0x81, 0x4c, 0x48, 0xd5,
  0x2d, 0x9e, 0x91, 0x27, 0x55, 0x93, 0x42, 0xb9, 0xb0, 0xdf, 0x15, 0x24,
  0xc7, 0x18, 0xdf, 0x4b, 0x81, 0x19, 0x26, 0x7f, 0xb4, 0x81, 0x25, 0x37,
  0x36, 0xb5, 0x27, 0x44, 0x7f, 0x02, 0x67, 0x0d, 0x81, 0x16, 0xca, 0x20,
  0xf9, 0x70, 0x3a, 0x5d, 0x37, 0x81, 0x48, 0x74, 0xbe, 0xc6, 0xdd, 0xde,
  0x12, 0x1a, 0xf8, 0xf7, 0x4c, 0x9d, 0x24, 0x0d, 0x4c, 0x4b, 0xe1, 0x7d,
  0x9f, 0x5b, 0xf7, 0x3a, 0x36, 0x1c, 0xc3, 0x5e, 0xa4, 0x04, 0x7f, 0x04,
  0xb6, 0xf4, 0xff, 0xff, 0x04, 0x00, 0x00, 0x00, 0x00, 0x03, 0x00, 0x00,
  0xc8, 0xd3, 0xd3, 0xb3, 0x24, 0xc0, 0x3e, 0xc0, 0xf8, 0x47, 0xed, 0xdb,
  0x5f, 0x22, 0x60, 0x7f, 0xc5, 0xd9, 0x5e, 0x48, 0xda, 0xc5, 0xca, 0x46,
  0x31, 0xc2, 0x7f, 0x3d, 0x98, 0xf0, 0xb7, 0xea, 0x35, 0x0a, 0xfe, 0x50,
  0x57, 0x9f, 0x5f, 0x20, 0xfb, 0xdd, 0xc8, 0x6a, 0x3f, 0x6e, 0xe3, 0x1c,
  0xeb, 0xde, 0x43, 0xbe, 0x55, 0x42, 0x38, 0xe8, 0x16, 0x42, 0xc0, 0x2c,
  0xc4, 0x29, 0x81, 0xa8, 0xf2, 0x84, 0xfb, 0x2d, 0xf3, 0xb5, 0x1c, 0x88,
  0xcf, 0x95, 0xe9, 0xc5, 0x26, 0x42, 0x6d, 0xed, 0x87, 0x53, 0xa7, 0x54,
  0x13, 0xfc, 0x9c, 0xa4, 0xfc, 0x7f, 0x0d, 0xc2, 0x3b, 0xe0, 0xdc, 0x4c,
  0x76, 0x37, 0xaa, 0x07, 0x43, 0x18, 0x1b, 0x16, 0x96, 0xe0, 0xd0, 0x5e,
  0x1e, 0x59, 0xb8, 0x3d, 0x89, 0xf9, 0x30, 0x37, 0x64, 0x22, 0x81, 0x43,
  0xcf, 0xfc, 0x72, 0xd4, 0x7f, 0x68, 0xdc, 0xbc, 0xd0, 0x72, 0x57, 0x27,
  0xdb, 0xa3, 0xec, 0xb3, 0x23, 0x28, 0x8c, 0x6d, 0x13, 0x19, 0x0a, 0x2b,
  0x60, 0x56, 0x12, 0xe8, 0x4f, 0x2e, 0xeb, 0x1f, 0x42, 0xe3, 0x23, 0xab,
  0xeb, 0x35, 0x0d, 0x33, 0x7f, 0x13, 0x20, 0x44, 0x03, 0xc9, 0x21, 0x44,
  0x1d, 0x56, 0x65, 0x81, 0x9c, 0x5d, 0x08, 0x46, 0x67, 0xda, 0xf7, 0x9a,
  0x63, 0x21, 0xc7, 0x1a, 0x84, 0xf0, 0x2d, 0xe8, 0x26, 0x40, 0xfc, 0xaa,
  0xdf, 0xa2, 0xea, 0x6c, 0xee, 0xfc, 0xac, 0x49, 0xc7, 0x47, 0x6c, 0xb2,
  0x0b, 0xc1, 0x43, 0x3a, 0xe4, 0x7f, 0xff, 0x0a, 0x06, 0x5c, 0x78, 0x00,
  0xeb, 0x94, 0x70, 0x81, 0x45, 0x43, 0x2c, 0xc9, 0xe8, 0x26, 0x23, 0xcb,
  0xb4, 0x98, 0x84, 0x00, 0x34, 0xcc, 0xcc, 0xe1, 0x03, 0x27, 0x98, 0xd1,
  0xbd, 0x10, 0x26, 0x1d, 0x35, 0x16, 0xde, 0x5a, 0xf8, 0xb6, 0x58, 0x62,
  0xc7, 0x64, 0x5c, 0x81, 0x1a, 0xdc, 0xfb, 0xe6, 0xc3, 0x50, 0x9c, 0x35,
  0x2d, 0xb7, 0x1c, 0x37, 0x08, 0xc3, 0xe7, 0x3b, 0x81, 0xe8, 0xe2, 0x11,
  0xe6, 0x48, 0x36, 0x3f, 0xf1, 0x26, 0xac, 0x1f, 0x3a, 0x17, 0xed, 0xf9,
  0x42, 0x76, 0xfe, 0x3f, 0xa0, 0x1a, 0x4c, 0x35, 0x9a, 0xd9, 0xe2, 0x3e,
  0x2b, 0x81, 0x39, 0x07, 0x2e, 0x1d, 0x0e, 0x69, 0xc2, 0xd9, 0x02, 0x31,
  0xf4, 0x2d, 0xb0, 0x30, 0xb7, 0x14, 0xad, 0xd4, 0xd9, 0xbe, 0x1e, 0x8b,
  0xc4, 0xb9, 0x24, 0xad, 0xca, 0x81, 0x14, 0x78, 0xd6, 0x0e, 0xd4, 0xab,
  0x55, 0x4b, 0xf2, 0xc5, 0x34, 0x23, 0xaf, 0xb3, 0xac, 0xb2, 0x07, 0xb3,
  0x81, 0x23, 0x42, 0x65, 0x4e, 0x1f, 0xff, 0xa3, 0xe0, 0x74, 0xdf, 0x3a,
  0x6a, 0x96, 0x32, 0xe5, 0x1d, 0xd7, 0xee, 0xf0, 0x95, 0x27, 0xc7, 0x00,
  0x3c, 0x8d, 0x54, 0xd8, 0xd5, 0x3b, 0xc1, 0x7f, 0xd2, 0xdb, 0xfd, 0x6e,
  0x0b, 0xa2, 0x09, 0xe2, 0x83, 0xa7, 0xed, 0x6b, 0x2e, 0xbe, 0x7b, 0x81,
  0xdd, 0xa9, 0x59, 0x6b, 0x07, 0x35, 0x9a, 0x72, 0x05, 0xe5, 0x08, 0xb5,
  0x1e, 0x2e, 0x39, 0x52, 0x4e, 0xd2, 0x19, 0x23, 0x23, 0xc2, 0x2a, 0x81,
  0xa7, 0xd3, 0x67, 0x4a, 0xe3, 0xc2, 0x0c, 0x54, 0x49, 0x1b, 0x1b, 0x16,
  0xb3, 0x1a, 0xf3, 0xa0, 0xb8, 0xc7, 0xcf, 0xc0, 0xd3, 0xf4, 0x0b, 0xf6,
  0xe3, 0x7f, 0x3e, 0x43, 0xc5, 0xff, 0x49, 0x1e, 0x03, 0x75, 0x20, 0xb0,
  0x6c, 0xce, 0x6e, 0x2c, 0x38, 0x45, 0x4a, 0xe0, 0xfc, 0xfc, 0x7f, 0xfc,
  0x95, 0x0e, 0x0b, 0xe9, 0x5c, 0x25, 0x30, 0xc2, 0x84, 0xd4, 0x0b, 0xb1,
  0x22, 0xa3, 0xe3, 0x30, 0x38, 0x39, 0x49, 0x3b, 0x97, 0x2e, 0x4b, 0x2e,
  0xca, 0xae, 0x55, 0x30, 0x4d, 0x7f, 0x63, 0x00, 0x67, 0xd1, 0x8d, 0xf2,
  0x81, 0xd3, 0xa5, 0x2b, 0x57, 0xef, 0xa3, 0x5e, 0xcc, 0x17, 0xc3, 0xd2,
  0x46, 0xd9, 0x09, 0xc2, 0xda, 0xad, 0xab, 0x1e, 0x4a, 0x6a, 0xe4, 0xd3,
  0x0b, 0x27, 0xcc, 0x5c, 0x8a, 0x1b, 0x39, 0x49, 0xc0, 0xbc, 0x2d, 0xc3,
  0x13, 0x00, 0xfb, 0x3a, 0x3e, 0xc4, 0x08, 0x28, 0x7f, 0x0a, 0xab, 0x3b,
  0x16, 0x21, 0x44, 0x02, 0x8a, 0x20, 0xfe, 0xaf, 0x13, 0xfa, 0x3a, 0xcb,
  0x24, 0xd0, 0xb5, 0x3a, 0x1f, 0x7f, 0xd1, 0xea, 0x63, 0x47, 0xea, 0x19,
  0x8e, 0xac, 0xc0, 0x48, 0x69, 0x4f, 0x5c, 0xe4, 0x15, 0x09, 0xae, 0x47,
  0x55, 0x21, 0x6d, 0x1a, 0x81, 0x6f, 0x24, 0xb6, 0x90, 0xa3, 0x30, 0xe7,
  0x4a, 0xf9, 0x35, 0x55, 0xfc, 0x21, 0x93, 0xad, 0x1c, 0xd7, 0xd1, 0x6a,
  0x08, 0xdd, 0x12, 0xba, 0x7f, 0xda, 0x75, 0x22, 0x96, 0xa7, 0xec, 0xaa,
  0xe1, 0x19, 0xc9, 0xfd, 0x4b, 0x6b, 0x19, 0x0e, 0xb8, 0xb5, 0x81, 0xd3,
  0x8b, 0x32, 0x93, 0xe1, 0xdd, 0xa2, 0xa4, 0x17, 0x0e, 0x21, 0x92, 0xf9,
  0x89, 0x7f, 0x00, 0x04, 0xf9, 0xbd, 0xe8, 0x2a, 0x3e, 0xfc, 0x5d, 0x6c,
  0x38, 0xc1, 0x5e, 0xa7, 0xbe, 0xa5, 0x14, 0x0c, 0x3b, 0x7b, 0x25, 0x10,
  0xe1, 0xc0, 0x7f, 0x9d, 0x7a, 0x4e, 0x55, 0xee, 0xfa, 0x77, 0x50, 0xcb,
  0xaa, 0xb1, 0xeb, 0x39, 0xbc, 0x06, 0xe5, 0xf7, 0x18, 0xcf, 0xda, 0xc7,
  0xd8, 0x99, 0xb8, 0x3c, 0x2e, 0xe0, 0xf7, 0x44, 0x90, 0x5e, 0xbe, 0x0c,
  0x7f, 0xd9, 0x08, 0x32, 0x93, 0xeb, 0x9d, 0xb1, 0x6a, 0xdb, 0xfd, 0x52,
  0x7e, 0xf1, 0xf5, 0x7f, 0x1a, 0xdb, 0x71, 0x6b, 0x4e, 0x3f, 0xb8, 0x3b,
  0xcb, 0xd8, 0x49, 0x16, 0xca, 0xd7, 0x76, 0x1d, 0xe8, 0x14, 0x2b, 0xc8,
  0x30, 0x54, 0x0a, 0xf1, 0x7f, 0x50, 0xb4, 0x6d, 0x6f, 0x11, 0x10, 0x6b,
  0x2a, 0xbe, 0x65, 0x2c, 0x0f, 0xac, 0xb4, 0x4a, 0x0a, 0xce, 0xef, 0x21,
  0xc2, 0xf7, 0xff, 0xff, 0x04, 0x00, 0x00, 0x00, 0x80, 0x00, 0x00, 0x00,
  0xe1, 0xfa, 0xff, 0xff, 0x29, 0x05, 0x00, 0x00, 0xe6, 0xf8, 0xff, 0xff,
  0xce, 0x00, 0x00, 0x00, 0x65, 0xfa, 0xff, 0xff, 0x1f, 0xff, 0xff, 0xff,
  0xf7, 0x00, 0x00, 0x00, 0x46, 0x12, 0x00, 0x00, 0xcc, 0xfd, 0xff, 0xff,
  0x11, 0x03, 0x00, 0x00, 0x9a, 0x02, 0x00, 0x00, 0x30, 0xf4, 0xff, 0xff,
  0xde, 0xfe, 0xff, 0xff, 0x57, 0xf6, 0xff, 0xff, 0xda, 0xfc, 0xff, 0xff,
  0xd4, 0xf1, 0xff, 0xff, 0x8c, 0x00, 0x00, 0x00, 0x47, 0xfa, 0xff, 0xff,
  0x3d, 0x01, 0x00, 0x00, 0x8a, 0xf8, 0xff, 0xff, 0x48, 0xfd, 0xff, 0xff,
  0x77, 0xfb, 0xff, 0xff, 0xe6, 0x04, 0x00, 0x00, 0x74, 0x11, 0x00, 0x00,
  0x38, 0xff, 0xff, 0xff, 0xee, 0xf8, 0xff, 0xff, 0x6f, 0xfa, 0xff, 0xff,
  0xfb, 0x0a, 0x00, 0x00, 0xdb, 0xfd, 0xff, 0xff, 0x1c, 0xf8, 0xff, 0xff,
  0x95, 0xf2, 0xff, 0xff, 0xfa, 0xff, 0xff, 0xff, 0x4e, 0xf8, 0xff, 0xff,
  0x04, 0x00, 0x00, 0x00, 0x20, 0x01, 0x00, 0x00, 0xab, 0x98, 0x57, 0xa6,
  0x7f, 0xbd, 0x2f, 0xf5, 0xad, 0x7d, 0x8e, 0x4d, 0x98, 0x4b, 0xf9, 0x4a,
  0x43, 0x1c, 0x4c, 0x55, 0x93, 0x07, 0x1d, 0x75, 0xd1, 0x7f, 0x03, 0xad,
  0x95, 0x20, 0x66, 0x2c, 0x12, 0x2e, 0x1a, 0x35, 0x5c, 0xef, 0x81, 0xfe,
  0xc8, 0x7f, 0x98, 0xf6, 0xdd, 0x17, 0xde, 0x2b, 0x3c, 0xd1, 0x7f, 0x9b,
  0xb4, 0x19, 0x0d, 0xce, 0x77, 0xe6, 0x66, 0xb4, 0x96, 0x2c, 0x55, 0x06,
  0xfd, 0x27, 0x36, 0x17, 0x62, 0xa4, 0xfb, 0x81, 0xc9, 0x73, 0x94, 0x7f,
  0x81, 0x7f, 0xfa, 0xee, 0xa5, 0xb3, 0x45, 0x4a, 0x81, 0xc4, 0x9f, 0xe0,
  0x17, 0x3e, 0xfc, 0xac, 0xb9, 0x68, 0x3e, 0xc4, 0xe6, 0x81, 0x40, 0x05,
  0x1a, 0x81, 0xa4, 0xec, 0xc7, 0x72, 0x81, 0x30, 0x8e, 0x60, 0x81, 0x18,
  0xc0, 0xd9, 0x60, 0xc3, 0xb7, 0x6d, 0x81, 0xea, 0x05, 0xfb, 0x33, 0x81,
  0x84, 0x29, 0x6a, 0x49, 0x83, 0x03, 0xff, 0xce, 0x68, 0xb6, 0xec, 0x0f,
  0xca, 0x1e, 0xb3, 0x78, 0xce, 0xde, 0x19, 0xf6, 0x81, 0x02, 0x34, 0x5c,
  0xf7, 0xa0, 0x33, 0x60, 0x7f, 0x1a, 0xed, 0xf6, 0xdd, 0x98, 0x38, 0x7f,
  0x1b, 0xfb, 0x44, 0x17, 0x70, 0x91, 0xf3, 0xeb, 0xaf, 0x37, 0x98, 0x3d,
  0x9c, 0x74, 0x22, 0x47, 0x1f, 0x1d, 0x73, 0xe6, 0xe2, 0x7f, 0x99, 0x50,
  0x37, 0x41, 0x7f, 0xdb, 0x93, 0xe5, 0x3c, 0xe0, 0xcc, 0x02, 0x3a, 0xc2,
  0x53, 0x90, 0xbf, 0xc8, 0x81, 0x63, 0x95, 0x23, 0xc9, 0x6d, 0x2a, 0x78,
  0xd7, 0x85, 0x99, 0x94, 0xd6, 0x1f, 0x93, 0x21, 0x68, 0x0e, 0x4f, 0xfa,
  0x81, 0xeb, 0x73, 0x9a, 0x7f, 0xe6, 0xef, 0x81, 0x4d, 0xb6, 0x87, 0xff,
  0xb3, 0x10, 0x99, 0x49, 0x9a, 0x1b, 0x9d, 0x7f, 0xbc, 0x35, 0x92, 0x86,
  0xe6, 0x59, 0x29, 0x7f, 0xcb, 0xa5, 0x1f, 0xe6, 0xaf, 0x0c, 0x58, 0x42,
  0x00, 0xf2, 0x7f, 0x01, 0x7b, 0x93, 0xd4, 0xc0, 0xbe, 0x7f, 0x95, 0x54,
  0x87, 0x2f, 0xed, 0x60, 0xa3, 0x81, 0x88, 0x7f, 0x90, 0x1d, 0x4f, 0xc5,
  0x37, 0x0a, 0x52, 0xdd, 0xb0, 0x81, 0x7f, 0x20, 0x7a, 0xf9, 0xff, 0xff,
  0x04, 0x00, 0x00, 0x00, 0x80, 0x00, 0x00, 0x00, 0x00, 0x00, 0x00, 0x00,
  0x00, 0x00, 0x00, 0x00, 0x00, 0x00, 0x00, 0x00, 0x00, 0x00, 0x00, 0x00,
  0x00, 0x00, 0x00, 0x00, 0x00, 0x00, 0x00, 0x00, 0x00, 0x00, 0x00, 0x00,
  0x00, 0x00, 0x00, 0x00, 0x00, 0x00, 0x00, 0x00, 0x00, 0x00, 0x00, 0x00,
  0x00, 0x00, 0x00, 0x00, 0x00, 0x00, 0x00, 0x00, 0x00, 0x00, 0x00, 0x00,
  0x00, 0x00, 0x00, 0x00, 0x00, 0x00, 0x00, 0x00, 0x00, 0x00, 0x00, 0x00,
  0x00, 0x00, 0x00, 0x00, 0x00, 0x00, 0x00, 0x00, 0x00, 0x00, 0x00, 0x00,
  0x00, 0x00, 0x00, 0x00, 0x00, 0x00, 0x00, 0x00, 0x00, 0x00, 0x00, 0x00,
  0x00, 0x00, 0x00, 0x00, 0x00, 0x00, 0x00, 0x00, 0x00, 0x00, 0x00, 0x00,
  0x00, 0x00, 0x00, 0x00, 0x00, 0x00, 0x00, 0x00, 0x00, 0x00, 0x00, 0x00,
  0x00, 0x00, 0x00, 0x00, 0x00, 0x00, 0x00, 0x00, 0x00, 0x00, 0x00, 0x00,
  0x00, 0x00, 0x00, 0x00, 0x06, 0xfa, 0xff, 0xff, 0x04, 0x00, 0x00, 0x00,
  0x00, 0x04, 0x00, 0x00, 0x12, 0x2c, 0xda, 0xbf, 0xcb, 0x52, 0xda, 0xba,
  0x33, 0x2a, 0x81, 0xc6, 0xf3, 0x1a, 0xd3, 0x27, 0x10, 0x28, 0x54, 0x2a,
  0x1e, 0xe2, 0x31, 0xe4, 0xbc, 0xc8, 0xa8, 0xa9, 0xf7, 0x15, 0xca, 0xd4,
  0x5c, 0xd5, 0x4a, 0xc8, 0xb8, 0xe4, 0x21, 0x7a, 0x5a, 0x2d, 0x81, 0xef,
  0xf8, 0x00, 0x18, 0xa5, 0x31, 0xe1, 0x6d, 0xe1, 0xe9, 0x20, 0x28, 0x3e,
  0x15, 0x93, 0x24, 0xcf, 0xb7, 0xaa, 0x96, 0x01, 0x0a, 0xe0, 0xc3, 0xff,
  0x57, 0x46, 0x13, 0xdf, 0x81, 0x93, 0x32, 0x1e, 0x85, 0x1b, 0x24, 0xf1,
  0x27, 0xf9, 0xfb, 0xe3, 0x30, 0x52, 0xd8, 0x14, 0x16, 0x01, 0xc2, 0x39,
  0xe2, 0xcb, 0x31, 0x26, 0x5c, 0xea, 0xb3, 0xc3, 0x49, 0x2b, 0x1c, 0xf1,
  0x90, 0xdc, 0x2e, 0xcd, 0x81, 0xda, 0xc9, 0x29, 0x26, 0xde, 0x43, 0x55,
  0x10, 0x2f, 0xe4, 0x26, 0x3b, 0x3b, 0x30, 0x38, 0x36, 0xe0, 0x23, 0x48,
  0x41, 0x26, 0xa7, 0xc8, 0xfb, 0x65, 0x09, 0xcc, 0x81, 0xf1, 0x4e, 0xe7,
  0xa2, 0xc7, 0xb7, 0x78, 0x9c, 0xb1, 0x08, 0x24, 0xcc, 0x4d, 0x2a, 0x3d,
  0x0d, 0x26, 0x52, 0x16, 0xf2, 0xe1, 0x5c, 0x4c, 0xdc, 0x51, 0x5b, 0x24,
  0x21, 0xef, 0xec, 0x4c, 0x44, 0x58, 0x0a, 0xf5, 0x3e, 0xc6, 0x23, 0xf1,
  0xde, 0xd4, 0x11, 0x75, 0xd1, 0xac, 0xaa, 0xd6, 0x36, 0x9a, 0x3f, 0x6a,
  0x81, 0xa8, 0x43, 0xb8, 0x00, 0xad, 0x39, 0x2b, 0x7f, 0x0f, 0x8b, 0x1f,
  0xf3, 0x64, 0x44, 0x21, 0x48, 0xfc, 0x91, 0x7a, 0xc6, 0x9d, 0xbb, 0xf4,
  0xe8, 0x02, 0xd9, 0x30, 0x4b, 0xfb, 0x0a, 0x30, 0xda, 0xb7, 0x33, 0xef,
  0x2a, 0x49, 0x0b, 0xc9, 0xf2, 0x81, 0x19, 0xbe, 0x2b, 0x0e, 0x00, 0x06,
  0x46, 0x05, 0x13, 0x21, 0x0a, 0x1d, 0x1d, 0xdf, 0xda, 0x06, 0x04, 0x1c,
  0xce, 0x17, 0x5e, 0x27, 0xc4, 0xe7, 0xc3, 0xdc, 0x3d, 0x38, 0xd7, 0xa5,
  0x63, 0xba, 0x94, 0xd1, 0xa0, 0xb2, 0x29, 0xe9, 0xf8, 0x0b, 0x30, 0xde,
  0xb6, 0x1e, 0xfd, 0xed, 0x81, 0xbe, 0x05, 0xf6, 0xa5, 0xe0, 0xf9, 0x11,
  0x21, 0xff, 0x32, 0xb4, 0xcd, 0xfa, 0xcc, 0xfa, 0x1b, 0x05, 0xb0, 0x12,
  0xd0, 0x01, 0x52, 0xfa, 0xc7, 0xea, 0xbd, 0xf5, 0x15, 0x06, 0x2a, 0x16,
  0x95, 0x37, 0x11, 0x0d, 0xc5, 0x2b, 0x29, 0xc8, 0x50, 0xfa, 0x7f, 0x01,
  0x4c, 0x39, 0xfb, 0x30, 0x58, 0x30, 0x09, 0x4d, 0xb1, 0x3c, 0x7f, 0x79,
  0xe2, 0x13, 0x11, 0x05, 0xd4, 0x9b, 0xfe, 0x99, 0xca, 0xf0, 0x1c, 0xb5,
  0x98, 0x5f, 0x32, 0xbc, 0x58, 0x2f, 0x69, 0x79, 0x37, 0x2d, 0xad, 0x20,
  0x33, 0x2d, 0x1c, 0xd9, 0x81, 0xac, 0x22, 0x32, 0xd5, 0x17, 0xd2, 0x5d,
  0x2a, 0xac, 0xb8, 0x31, 0xfe, 0xe0, 0x4f, 0xfb, 0xc5, 0xde, 0xcd, 0x64,
  0x07, 0xce, 0x27, 0x50, 0x57, 0x2c, 0xbb, 0xc4, 0x1c, 0x02, 0x23, 0x53,
  0x48, 0x7f, 0x97, 0x96, 0x00, 0xe0, 0xda, 0xdd, 0xeb, 0xc9, 0x05, 0x14,
  0x70, 0x39, 0x03, 0x3b, 0x00, 0xe6, 0x20, 0x82, 0xce, 0xf7, 0x2c, 0xe5,
  0x3f, 0x42, 0xd1, 0x6a, 0x66, 0x04, 0xe3, 0x4b, 0xac, 0xe2, 0x6a, 0x23,
  0xa2, 0x3f, 0x0d, 0x1e, 0xa1, 0x3d, 0x63, 0x04, 0xcb, 0x0d, 0x01, 0xbc,
  0x19, 0x7f, 0xf5, 0x29, 0x36, 0x06, 0xee, 0xe7, 0xcf, 0x5d, 0xbc, 0x1d,
  0xf7, 0x40, 0xc9, 0x67, 0x32, 0x32, 0xd6, 0xd7, 0xb4, 0x7f, 0xc0, 0xdc,
  0x0e, 0x1a, 0x53, 0x2b, 0x78, 0x35, 0xec, 0x2c, 0x47, 0x3e, 0x98, 0xcb,
  0x21, 0x36, 0xd0, 0xfe, 0x51, 0xf4, 0x1c, 0x06, 0x5c, 0x2f, 0x9e, 0xe4,
  0xbb, 0xd1, 0x37, 0x14, 0x0f, 0xc1, 0xa9, 0x7f, 0xaf, 0x93, 0xd2, 0x5c,
  0xe1, 0xb9, 0x37, 0xb1, 0xa9, 0x2a, 0x55, 0x0d, 0xcb, 0x1e, 0xe6, 0xd0,
  0xc4, 0x59, 0x2c, 0x1d, 0xa0, 0x30, 0x48, 0x3e, 0x60, 0x1e, 0x81, 0x46,
  0xf3, 0xfc, 0xa9, 0x26, 0x47, 0x1e, 0xfd, 0xc4, 0x25, 0xe5, 0x36, 0xee,
  0x62, 0x84, 0xb0, 0xf3, 0x90, 0xfb, 0xa5, 0xdb, 0x2f, 0x0e, 0xc4, 0x11,
  0xda, 0xef, 0x11, 0x23, 0xff, 0xb8, 0x1f, 0x1a, 0x97, 0x7f, 0xf0, 0xe3,
  0xda, 0xf4, 0x62, 0x15, 0x0c, 0x4b, 0xa0, 0xc0, 0xa2, 0x58, 0xca, 0x2f,
  0x3d, 0x3b, 0xf8, 0x36, 0xd3, 0x1f, 0xdb, 0x2d, 0xcd, 0x46, 0x3c, 0x81,
  0x4a, 0x0d, 0x9e, 0x0e, 0x0c, 0x11, 0xef, 0xd9, 0x11, 0x65, 0x78, 0xc8,
  0xf9, 0xea, 0xd4, 0x64, 0x32, 0x88, 0xbd, 0xd7, 0xc5, 0x44, 0x5f, 0xbe,
  0x4d, 0xc0, 0x24, 0x3f, 0x05, 0xf6, 0x2a, 0xa3, 0x81, 0xc5, 0x33, 0x47,
  0xb2, 0xe0, 0x26, 0x44, 0xc1, 0xc9, 0x0a, 0xc7, 0xb2, 0x1f, 0xed, 0xf0,
  0x12, 0x0c, 0xe2, 0x2b, 0x4c, 0xca, 0xe8, 0x0d, 0x6b, 0xd7, 0xce, 0xe4,
  0xeb, 0x46, 0x81, 0x49, 0x84, 0x11, 0x58, 0x7f, 0xcf, 0x20, 0x01, 0x2d,
  0x09, 0xca, 0xba, 0x10, 0xfa, 0xa0, 0xd1, 0xb1, 0x1c, 0x27, 0x14, 0xd1,
  0x24, 0x98, 0xf5, 0x4b, 0x5a, 0x2b, 0x25, 0x34, 0x7b, 0x82, 0x10, 0xda,
  0x29, 0x50, 0x27, 0x7f, 0x54, 0x04, 0x22, 0xde, 0xd4, 0xa8, 0x18, 0x09,
  0xc9, 0xff, 0xdf, 0xdc, 0xd8, 0xd4, 0x44, 0x3c, 0xc7, 0x6a, 0xcc, 0x2f,
  0x52, 0xb4, 0x1e, 0xcf, 0x1e, 0x50, 0x2d, 0xd8, 0xc7, 0xd3, 0x56, 0x73,
  0xc2, 0x05, 0xbb, 0x7f, 0xca, 0xb3, 0x0a, 0xe9, 0xf8, 0x60, 0xf8, 0x2a,
  0x4a, 0x0e, 0xe3, 0x0d, 0x1d, 0x3e, 0x30, 0x32, 0xa7, 0x5a, 0xdc, 0xf3,
  0x54, 0xea, 0x0d, 0xd5, 0x81, 0x0a, 0x4b, 0x63, 0x9f, 0xcf, 0x6e, 0x47,
  0x28, 0x16, 0x36, 0xcd, 0x81, 0x39, 0x11, 0x01, 0x90, 0x1b, 0xa6, 0x43,
  0x7f, 0xb2, 0x60, 0x4b, 0xd8, 0x25, 0x68, 0x55, 0xf7, 0xd6, 0x5c, 0xa3,
  0x62, 0x24, 0x00, 0x7f, 0x5f, 0xfe, 0x3f, 0x36, 0x40, 0xa4, 0x0f, 0xa7,
  0x21, 0x26, 0xa7, 0xac, 0xab, 0xfa, 0x16, 0x31, 0x82, 0x54, 0xb9, 0x23,
  0xf8, 0x18, 0xf1, 0xff, 0x0c, 0x81, 0x5c, 0x38, 0x4d, 0x2a, 0xe1, 0x54,
  0x23, 0xa7, 0xea, 0x2b, 0xfa, 0x41, 0xb8, 0x06, 0x39, 0x5a, 0xbc, 0x30,
  0xd2, 0xb9, 0x0f, 0x35, 0x83, 0xc8, 0x36, 0xd3, 0xca, 0xdd, 0x13, 0xca,
  0xe5, 0x23, 0x16, 0x9d, 0x87, 0x85, 0x0d, 0xcf, 0xcf, 0x65, 0x1c, 0x10,
  0x81, 0x2c, 0x06, 0xfa, 0xdf, 0xb3, 0xc8, 0x63, 0xd9, 0xfc, 0x28, 0x3c,
  0x14, 0xd5, 0x05, 0x1d, 0x46, 0x4e, 0x50, 0x94, 0x5c, 0x88, 0xf5, 0x5d,
  0x42, 0x53, 0x04, 0x48, 0x11, 0x84, 0xd1, 0xc9, 0xdf, 0xe2, 0x3c, 0xee,
  0xac, 0x02, 0x36, 0x4b, 0x4b, 0x14, 0xc4, 0xbf, 0x9c, 0xd2, 0x81, 0x04,
  0xd5, 0x09, 0xcf, 0xed, 0x1f, 0x32, 0xd3, 0x81, 0x26, 0xb2, 0xac, 0xa4,
  0x23, 0x71, 0x23, 0xe1, 0xa2, 0x2e, 0xf9, 0x2d, 0xe3, 0x2d, 0xba, 0xf4,
  0x1c, 0xdd, 0x99, 0xb3, 0x0b, 0xcf, 0xcc, 0xce, 0x41, 0x37, 0xec, 0x4e,
  0xdd, 0x03, 0x37, 0xb9, 0x13, 0xad, 0x81, 0xf6, 0xdd, 0xfa, 0xac, 0xc6,
  0xcd, 0x3b, 0x10, 0xc7, 0x38, 0x95, 0xd3, 0x28, 0xfa, 0xb6, 0xee, 0xbb,
  0x06, 0x05, 0xda, 0xc1, 0x20, 0x49, 0x81, 0x2d, 0x75, 0x1f, 0xf0, 0x0c,
  0x86, 0xc3, 0x2a, 0xe0, 0x92, 0xfb, 0x47, 0x3c, 0x4d, 0x6c, 0x32, 0x0f,
  0xa7, 0xad, 0xc4, 0x6d, 0xb7, 0x5c, 0x55, 0x37, 0x5d, 0x7c, 0x64, 0x09,
  0x2c, 0x26, 0x7f, 0xd6, 0xd2, 0xa1, 0x1f, 0x11, 0x1b, 0x4b, 0xf3, 0x4e,
  0x3d, 0x83, 0x23, 0xf2, 0x03, 0xbc, 0x3e, 0xc9, 0xf4, 0xb5, 0xae, 0x45,
  0x2c, 0x06, 0xc7, 0x5d, 0x98, 0x5d, 0xd9, 0xb4, 0x12, 0xfe, 0xff, 0xff,
  0x04, 0x00, 0x00, 0x00, 0x80, 0x00, 0x00, 0x00, 0xce, 0xfd, 0xff, 0xff,
  0x34, 0xfa, 0xff, 0xff, 0x8e, 0xfb, 0xff, 0xff, 0x91, 0xfc, 0xff, 0xff,
  0xdb, 0xf8, 0xff, 0xff, 0x63, 0xfd, 0xff, 0xff, 0x58, 0xf8, 0xff, 0xff,
  0xae, 0xfe, 0xff, 0xff, 0x62, 0xfb, 0xff, 0xff, 0x59, 0xfe, 0xff, 0xff,
  0x29, 0xff, 0xff, 0xff, 0xef, 0xff, 0xff, 0xff, 0xe5, 0xfa, 0xff, 0xff,
  0x8e, 0xfe, 0xff, 0xff, 0xbb, 0x01, 0x00, 0x00, 0x45, 0xfb, 0xff, 0xff,
  0xf0, 0xfd, 0xff, 0xff, 0xe3, 0x02, 0x00, 0x00, 0x60, 0xfd, 0xff, 0xff,
  0x67, 0xfb, 0xff, 0xff, 0x64, 0xfd, 0xff, 0xff, 0x10, 0xfb, 0xff, 0xff,
  0xa9, 0xfc, 0xff, 0xff, 0xd1, 0xfb, 0xff, 0xff, 0x87, 0x00, 0x00, 0x00,
  0x2c, 0xfd, 0xff, 0xff, 0x35, 0xfb, 0xff, 0xff, 0xd1, 0xf6, 0xff, 0xff,
  0x78, 0x00, 0x00, 0x00, 0x5c, 0xff, 0xff, 0xff, 0x80, 0xfd, 0xff, 0xff,
  0x0d, 0xfd, 0xff, 0xff, 0x9e, 0xfe, 0xff, 0xff, 0x04, 0x00, 0x00, 0x00,
  0x60, 0x00, 0x00, 0x00, 0x59, 0x00, 0x12, 0xd6, 0xd7, 0x90, 0xbd, 0xd9,
  0x88, 0xea, 0x9e, 0xb1, 0x6c, 0xc0, 0x1f, 0x81, 0x46, 0x2f, 0x66, 0x28,
  0xd3, 0xe8, 0xd8, 0xe1, 0x21, 0x93, 0x3f, 0x8d, 0x32, 0x7f, 0xeb, 0x05,
  0xb5, 0xef, 0xcd, 0xa2, 0xfc, 0x54, 0x3a, 0x50, 0x16, 0xf4, 0xb0, 0xc2,
  0x31, 0xbc, 0xa6, 0x42, 0x1e, 0x91, 0xe3, 0x16, 0xd2, 0x3d, 0xc9, 0xe8,
  0x6b, 0x78, 0xb5, 0x7f, 0xd8, 0xd3, 0xa8, 0x69, 0x9e, 0x84, 0x5d, 0x0a,
  0x51, 0xf0, 0x32, 0xad, 0x68, 0x6e, 0x17, 0x0f, 0x92, 0x1d, 0xe0, 0x54,
  0x81, 0x22, 0x90, 0x5b, 0x53, 0x0f, 0x3e, 0x50, 0xde, 0xc1, 0x4a, 0xe7,
  0xfa, 0xd9, 0x6f, 0x19, 0x0a, 0xff, 0xff, 0xff, 0x04, 0x00, 0x00, 0x00,
  0x0c, 0x00, 0x00, 0x00, 0x4e, 0x01, 0x00, 0x00, 0x61, 0x00, 0x00, 0x00,
  0xdf, 0xfe, 0xff, 0xff, 0x22, 0xff, 0xff, 0xff, 0x04, 0x00, 0x00, 0x00,
  0x08, 0x00, 0x00, 0x00, 0x01, 0x00, 0x00, 0x00, 0x02, 0x00, 0x00, 0x00,
  0xbc, 0xb6, 0xff, 0xff, 0xc0, 0xb6, 0xff, 0xff, 0x0f, 0x00, 0x00, 0x00,
  0x4d, 0x4c, 0x49, 0x52, 0x20, 0x43, 0x6f, 0x6e, 0x76, 0x65, 0x72, 0x74,
  0x65, 0x64, 0x2e, 0x00, 0x01, 0x00, 0x00, 0x00, 0x14, 0x00, 0x00, 0x00,
  0x00, 0x00, 0x0e, 0x00, 0x18, 0x00, 0x14, 0x00, 0x10, 0x00, 0x0c, 0x00,
  0x08, 0x00, 0x04, 0x00, 0x0e, 0x00, 0x00, 0x00, 0x14, 0x00, 0x00, 0x00,
  0x1c, 0x00, 0x00, 0x00, 0x9c, 0x05, 0x00, 0x00, 0xa0, 0x05, 0x00, 0x00,
  0xa4, 0x05, 0x00, 0x00, 0x04, 0x00, 0x00, 0x00, 0x6d, 0x61, 0x69, 0x6e,
  0x00, 0x00, 0x00, 0x00, 0x15, 0x00, 0x00, 0x00, 0x38, 0x05, 0x00, 0x00,
  0xd8, 0x04, 0x00, 0x00, 0x88, 0x04, 0x00, 0x00, 0x44, 0x04, 0x00, 0x00,
  0xfc, 0x03, 0x00, 0x00, 0xac, 0x03, 0x00, 0x00, 0x60, 0x03, 0x00, 0x00,
  0x1c, 0x03, 0x00, 0x00, 0xdc, 0x02, 0x00, 0x00, 0x98, 0x02, 0x00, 0x00,
  0x5c, 0x02, 0x00, 0x00, 0x24, 0x02, 0x00, 0x00, 0xe8, 0x01, 0x00, 0x00,
  0xa4, 0x01, 0x00, 0x00, 0x64, 0x01, 0x00, 0x00, 0x20, 0x01, 0x00, 0x00,
  0xe4, 0x00, 0x00, 0x00, 0xac, 0x00, 0x00, 0x00, 0x78, 0x00, 0x00, 0x00,
  0x40, 0x00, 0x00, 0x00, 0x04, 0x00, 0x00, 0x00, 0xa2, 0xfc, 0xff, 0xff,
  0x1c, 0x00, 0x00, 0x00, 0x00, 0x00, 0x00, 0x09, 0x1c, 0x00, 0x00, 0x00,
  0x20, 0x00, 0x00, 0x00, 0x05, 0x00, 0x00, 0x00, 0x00, 0x00, 0x06, 0x00,
  0x08, 0x00, 0x04, 0x00, 0x06, 0x00, 0x00, 0x00, 0x00, 0x00, 0x80, 0x3f,
  0x01, 0x00, 0x00, 0x00, 0x36, 0x00, 0x00, 0x00, 0x01, 0x00, 0x00, 0x00,
  0x35, 0x00, 0x00, 0x00, 0xbe, 0xfb, 0xff, 0xff, 0x14, 0x00, 0x00, 0x00,
  0x00, 0x00, 0x00, 0x08, 0x10, 0x00, 0x00, 0x00, 0x14, 0x00, 0x00, 0x00,
  0x04, 0x00, 0x00, 0x00, 0xbc, 0xb7, 0xff, 0xff, 0x01, 0x00, 0x00, 0x00,
  0x35, 0x00, 0x00, 0x00, 0x03, 0x00, 0x00, 0x00, 0x34, 0x00, 0x00, 0x00,
  0x03, 0x00, 0x00, 0x00, 0x02, 0x00, 0x00, 0x00, 0xf2, 0xfb, 0xff, 0xff,
  0x14, 0x00, 0x00, 0x00, 0x00, 0x00, 0x00, 0x1b, 0x10, 0x00, 0x00, 0x00,
  0x14, 0x00, 0x00, 0x00, 0x03, 0x00, 0x00, 0x00, 0xf0, 0xb7, 0xff, 0xff,
  0x01, 0x00, 0x00, 0x00, 0x34, 0x00, 0x00, 0x00, 0x02, 0x00, 0x00, 0x00,
  0x33, 0x00, 0x00, 0x00, 0x01, 0x00, 0x00, 0x00, 0x22, 0xfc, 0xff, 0xff,
  0x14, 0x00, 0x00, 0x00, 0x00, 0x00, 0x00, 0x0b, 0x14, 0x00, 0x00, 0x00,
  0x18, 0x00, 0x00, 0x00, 0x02, 0x00, 0x00, 0x00, 0x2e, 0xfd, 0xff, 0xff,
  0x00, 0x00, 0x00, 0x01, 0x01, 0x00, 0x00, 0x00, 0x33, 0x00, 0x00, 0x00,
  0x02, 0x00, 0x00, 0x00, 0x32, 0x00, 0x00, 0x00, 0x2e, 0x00, 0x00, 0x00,
  0xfa, 0xfb, 0xff, 0xff, 0x10, 0x00, 0x00, 0x00, 0x00, 0x00, 0x00, 0x01,
  0x14, 0x00, 0x00, 0x00, 0x18, 0x00, 0x00, 0x00, 0x16, 0xfd, 0xff, 0xff,
  0x01, 0x00, 0x00, 0x00, 0x01, 0x00, 0x00, 0x00, 0x01, 0x00, 0x00, 0x00,
  0x32, 0x00, 0x00, 0x00, 0x03, 0x00, 0x00, 0x00, 0x31, 0x00, 0x00, 0x00,
  0x05, 0x00, 0x00, 0x00, 0x04, 0x00, 0x00, 0x00, 0x8e, 0xfc, 0xff, 0xff,
  0x14, 0x00, 0x00, 0x00, 0x00, 0x00, 0x00, 0x02, 0x1c, 0x00, 0x00, 0x00,
  0x20, 0x00, 0x00, 0x00, 0x01, 0x00, 0x00, 0x00, 0x80, 0xfc, 0xff, 0xff,
  0x01, 0x00, 0x00, 0x00, 0x01, 0x00, 0x00, 0x00, 0x01, 0x00, 0x00, 0x00,
  0x01, 0x00, 0x00, 0x00, 0x31, 0x00, 0x00, 0x00, 0x03, 0x00, 0x00, 0x00,
  0x30, 0x00, 0x00, 0x00, 0x07, 0x00, 0x00, 0x00, 0x06, 0x00, 0x00, 0x00,
  0x72, 0xfc, 0xff, 0xff, 0x10, 0x00, 0x00, 0x00, 0x00, 0x00, 0x00, 0x01,
  0x18, 0x00, 0x00, 0x00, 0x1c, 0x00, 0x00, 0x00, 0x64, 0xfc, 0xff, 0xff,
  0x00, 0x00, 0x00, 0x01, 0x01, 0x00, 0x00, 0x00, 0x01, 0x00, 0x00, 0x00,
  0x01, 0x00, 0x00, 0x00, 0x30, 0x00, 0x00, 0x00, 0x03, 0x00, 0x00, 0x00,
  0x2f, 0x00, 0x00, 0x00, 0x09, 0x00, 0x00, 0x00, 0x08, 0x00, 0x00, 0x00,
  0x0a, 0xfd, 0xff, 0xff, 0x14, 0x00, 0x00, 0x00, 0x00, 0x00, 0x00, 0x02,
  0x1c, 0x00, 0x00, 0x00, 0x20, 0x00, 0x00, 0x00, 0x01, 0x00, 0x00, 0x00,
  0xfc, 0xfc, 0xff, 0xff, 0x01, 0x00, 0x00, 0x00, 0x02, 0x00, 0x00, 0x00,
  0x02, 0x00, 0x00, 0x00, 0x01, 0x00, 0x00, 0x00, 0x2f, 0x00, 0x00, 0x00,
  0x03, 0x00, 0x00, 0x00, 0x2d, 0x00, 0x00, 0x00, 0x0a, 0x00, 0x00, 0x00,
  0x10, 0x00, 0x00, 0x00, 0xee, 0xfc, 0xff, 0xff, 0x10, 0x00, 0x00, 0x00,
  0x00, 0x00, 0x00, 0x01, 0x14, 0x00, 0x00, 0x00, 0x18, 0x00, 0x00, 0x00,
  0x0a, 0xfe, 0xff, 0xff, 0x02, 0x00, 0x00, 0x00, 0x02, 0x00, 0x00, 0x00,
  0x01, 0x00, 0x00, 0x00, 0x2e, 0x00, 0x00, 0x00, 0x03, 0x00, 0x00, 0x00,
  0x2d, 0x00, 0x00, 0x00, 0x0c, 0x00, 0x00, 0x00, 0x0b, 0x00, 0x00, 0x00,
  0x82, 0xfd, 0xff, 0xff, 0x14, 0x00, 0x00, 0x00, 0x00, 0x00, 0x00, 0x0b,
  0x14, 0x00, 0x00, 0x00, 0x18, 0x00, 0x00, 0x00, 0x02, 0x00, 0x00, 0x00,
  0x8e, 0xfe, 0xff, 0xff, 0x00, 0x00, 0x00, 0x01, 0x01, 0x00, 0x00, 0x00,
  0x2d, 0x00, 0x00, 0x00, 0x02, 0x00, 0x00, 0x00, 0x2c, 0x00, 0x00, 0x00,
  0x28, 0x00, 0x00, 0x00, 0x5a, 0xfd, 0xff, 0xff, 0x10, 0x00, 0x00, 0x00,
  0x00, 0x00, 0x00, 0x01, 0x14, 0x00, 0x00, 0x00, 0x18, 0x00, 0x00, 0x00,
  0x76, 0xfe, 0xff, 0xff, 0x01, 0x00, 0x00, 0x00, 0x01, 0x00, 0x00, 0x00,
  0x01, 0x00, 0x00, 0x00, 0x2c, 0x00, 0x00, 0x00, 0x03, 0x00, 0x00, 0x00,
  0x2b, 0x00, 0x00, 0x00, 0x0e, 0x00, 0x00, 0x00, 0x0d, 0x00, 0x00, 0x00,
  0xee, 0xfd, 0xff, 0xff, 0x14, 0x00, 0x00, 0x00, 0x00, 0x00, 0x00, 0x02,
  0x1c, 0x00, 0x00, 0x00, 0x20, 0x00, 0x00, 0x00, 0x01, 0x00, 0x00, 0x00,
  0xe0, 0xfd, 0xff, 0xff, 0x01, 0x00, 0x00, 0x00, 0x01, 0x00, 0x00, 0x00,
  0x01, 0x00, 0x00, 0x00, 0x01, 0x00, 0x00, 0x00, 0x2b, 0x00, 0x00, 0x00,
  0x03, 0x00, 0x00, 0x00, 0x2a, 0x00, 0x00, 0x00, 0x11, 0x00, 0x00, 0x00,
  0x0f, 0x00, 0x00, 0x00, 0xd2, 0xfd, 0xff, 0xff, 0x10, 0x00, 0x00, 0x00,
  0x00, 0x00, 0x00, 0x01, 0x18, 0x00, 0x00, 0x00, 0x1c, 0x00, 0x00, 0x00,
  0xc4, 0xfd, 0xff, 0xff, 0x00, 0x00, 0x00, 0x01, 0x01, 0x00, 0x00, 0x00,
  0x01, 0x00, 0x00, 0x00, 0x01, 0x00, 0x00, 0x00, 0x2a, 0x00, 0x00, 0x00,
  0x03, 0x00, 0x00, 0x00, 0x29, 0x00, 0x00, 0x00, 0x13, 0x00, 0x00, 0x00,
  0x12, 0x00, 0x00, 0x00, 0x6a, 0xfe, 0xff, 0xff, 0x14, 0x00, 0x00, 0x00,
  0x00, 0x00, 0x00, 0x02, 0x1c, 0x00, 0x00, 0x00, 0x20, 0x00, 0x00, 0x00,
  0x01, 0x00, 0x00, 0x00, 0x5c, 0xfe, 0xff, 0xff, 0x01, 0x00, 0x00, 0x00,
  0x02, 0x00, 0x00, 0x00, 0x02, 0x00, 0x00, 0x00, 0x01, 0x00, 0x00, 0x00,
  0x29, 0x00, 0x00, 0x00, 0x03, 0x00, 0x00, 0x00, 0x27, 0x00, 0x00, 0x00,
  0x14, 0x00, 0x00, 0x00, 0x1e, 0x00, 0x00, 0x00, 0x4e, 0xfe, 0xff, 0xff,
  0x10, 0x00, 0x00, 0x00, 0x00, 0x00, 0x00, 0x01, 0x14, 0x00, 0x00, 0x00,
  0x18, 0x00, 0x00, 0x00, 0x6a, 0xff, 0xff, 0xff, 0x02, 0x00, 0x00, 0x00,
  0x02, 0x00, 0x00, 0x00, 0x01, 0x00, 0x00, 0x00, 0x28, 0x00, 0x00, 0x00,
  0x03, 0x00, 0x00, 0x00, 0x27, 0x00, 0x00, 0x00, 0x16, 0x00, 0x00, 0x00,
  0x15, 0x00, 0x00, 0x00, 0x00, 0x00, 0x0e, 0x00, 0x1a, 0x00, 0x14, 0x00,
  0x10, 0x00, 0x0c, 0x00, 0x0b, 0x00, 0x04, 0x00, 0x0e, 0x00, 0x00, 0x00,
  0x1c, 0x00, 0x00, 0x00, 0x00, 0x00, 0x00, 0x0b, 0x1c, 0x00, 0x00, 0x00,
  0x20, 0x00, 0x00, 0x00, 0x02, 0x00, 0x00, 0x00, 0x00, 0x00, 0x06, 0x00,
  0x08, 0x00, 0x07, 0x00, 0x06, 0x00, 0x00, 0x00, 0x00, 0x00, 0x00, 0x01,
  0x01, 0x00, 0x00, 0x00, 0x27, 0x00, 0x00, 0x00, 0x02, 0x00, 0x00, 0x00,
  0x26, 0x00, 0x00, 0x00, 0x22, 0x00, 0x00, 0x00, 0x00, 0x00, 0x0e, 0x00,
  0x16, 0x00, 0x00, 0x00, 0x10, 0x00, 0x0c, 0x00, 0x0b, 0x00, 0x04, 0x00,
  0x0e, 0x00, 0x00, 0x00, 0x1c, 0x00, 0x00, 0x00, 0x00, 0x00, 0x00, 0x01,
  0x20, 0x00, 0x00, 0x00, 0x24, 0x00, 0x00, 0x00, 0x00, 0x00, 0x0a, 0x00,
  0x0c, 0x00, 0x00, 0x00, 0x08, 0x00, 0x04, 0x00, 0x0a, 0x00, 0x00, 0x00,
  0x01, 0x00, 0x00, 0x00, 0x01, 0x00, 0x00, 0x00, 0x01, 0x00, 0x00, 0x00,
  0x26, 0x00, 0x00, 0x00, 0x03, 0x00, 0x00, 0x00, 0x25, 0x00, 0x00, 0x00,
  0x18, 0x00, 0x00, 0x00, 0x17, 0x00, 0x00, 0x00, 0x82, 0xff, 0xff, 0xff,
  0x14, 0x00, 0x00, 0x00, 0x00, 0x00, 0x00, 0x02, 0x1c, 0x00, 0x00, 0x00,
  0x20, 0x00, 0x00, 0x00, 0x01, 0x00, 0x00, 0x00, 0x74, 0xff, 0xff, 0xff,
  0x01, 0x00, 0x00, 0x00, 0x01, 0x00, 0x00, 0x00, 0x01, 0x00, 0x00, 0x00,
  0x01, 0x00, 0x00, 0x00, 0x25, 0x00, 0x00, 0x00, 0x03, 0x00, 0x00, 0x00,
  0x24, 0x00, 0x00, 0x00, 0x19, 0x00, 0x00, 0x00, 0x1d, 0x00, 0x00, 0x00,
  0x66, 0xff, 0xff, 0xff, 0x10, 0x00, 0x00, 0x00, 0x00, 0x00, 0x00, 0x01,
  0x18, 0x00, 0x00, 0x00, 0x1c, 0x00, 0x00, 0x00, 0x58, 0xff, 0xff, 0xff,
  0x00, 0x00, 0x00, 0x01, 0x01, 0x00, 0x00, 0x00, 0x01, 0x00, 0x00, 0x00,
  0x01, 0x00, 0x00, 0x00, 0x24, 0x00, 0x00, 0x00, 0x03, 0x00, 0x00, 0x00,
  0x23, 0x00, 0x00, 0x00, 0x1b, 0x00, 0x00, 0x00, 0x1a, 0x00, 0x00, 0x00,
  0x00, 0x00, 0x0e, 0x00, 0x18, 0x00, 0x14, 0x00, 0x10, 0x00, 0x0c, 0x00,
  0x0b, 0x00, 0x04, 0x00, 0x0e, 0x00, 0x00, 0x00, 0x20, 0x00, 0x00, 0x00,
  0x00, 0x00, 0x00, 0x02, 0x28, 0x00, 0x00, 0x00, 0x2c, 0x00, 0x00, 0x00,
  0x01, 0x00, 0x00, 0x00, 0x0c, 0x00, 0x10, 0x00, 0x00, 0x00, 0x0c, 0x00,
  0x08, 0x00, 0x04, 0x00, 0x0c, 0x00, 0x00, 0x00, 0x01, 0x00, 0x00, 0x00,
  0x01, 0x00, 0x00, 0x00, 0x01, 0x00, 0x00, 0x00, 0x01, 0x00, 0x00, 0x00,
  0x23, 0x00, 0x00, 0x00, 0x03, 0x00, 0x00, 0x00, 0x22, 0x00, 0x00, 0x00,
  0x1f, 0x00, 0x00, 0x00, 0x1c, 0x00, 0x00, 0x00, 0x00, 0x00, 0x0e, 0x00,
  0x14, 0x00, 0x00, 0x00, 0x10, 0x00, 0x0c, 0x00, 0x0b, 0x00, 0x04, 0x00,
  0x0e, 0x00, 0x00, 0x00, 0x1c, 0x00, 0x00, 0x00, 0x00, 0x00, 0x00, 0x01,
  0x24, 0x00, 0x00, 0x00, 0x28, 0x00, 0x00, 0x00, 0x0c, 0x00, 0x10, 0x00,
  0x00, 0x00, 0x0c, 0x00, 0x08, 0x00, 0x07, 0x00, 0x0c, 0x00, 0x00, 0x00,
  0x00, 0x00, 0x00, 0x01, 0x01, 0x00, 0x00, 0x00, 0x01, 0x00, 0x00, 0x00,
  0x01, 0x00, 0x00, 0x00, 0x22, 0x00, 0x00, 0x00, 0x03, 0x00, 0x00, 0x00,
  0x00, 0x00, 0x00, 0x00, 0x21, 0x00, 0x00, 0x00, 0x20, 0x00, 0x00, 0x00,
  0x01, 0x00, 0x00, 0x00, 0x36, 0x00, 0x00, 0x00, 0x01, 0x00, 0x00, 0x00,
  0x00, 0x00, 0x00, 0x00, 0x37, 0x00, 0x00, 0x00, 0xc0, 0x43, 0x00, 0x00,
  0x34, 0x43, 0x00, 0x00, 0x94, 0x42, 0x00, 0x00, 0x10, 0x42, 0x00, 0x00,
  0xc4, 0x3f, 0x00, 0x00, 0xd0, 0x3d, 0x00, 0x00, 0xfc, 0x3b, 0x00, 0x00,
  0xe8, 0x39, 0x00, 0x00, 0x64, 0x37, 0x00, 0x00, 0x70, 0x35, 0x00, 0x00,
  0xd0, 0x33, 0x00, 0x00, 0x80, 0x31, 0x00, 0x00, 0x8c, 0x2f, 0x00, 0x00,
  0xa0, 0x2d, 0x00, 0x00, 0x0c, 0x2c, 0x00, 0x00, 0x98, 0x2a, 0x00, 0x00,
  0x24, 0x29, 0x00, 0x00, 0x84, 0x27, 0x00, 0x00, 0x7c, 0x25, 0x00, 0x00,
  0xe8, 0x23, 0x00, 0x00, 0xa8, 0x22, 0x00, 0x00, 0xb8, 0x20, 0x00, 0x00,
  0x24, 0x1f, 0x00, 0x00, 0x98, 0x1d, 0x00, 0x00, 0x64, 0x1c, 0x00, 0x00,
  0x24, 0x1b, 0x00, 0x00, 0x7c, 0x19, 0x00, 0x00, 0x48, 0x18, 0x00, 0x00,
  0x34, 0x17, 0x00, 0x00, 0x20, 0x16, 0x00, 0x00, 0x0c, 0x15, 0x00, 0x00,
  0xcc, 0x13, 0x00, 0x00, 0x2c, 0x12, 0x00, 0x00, 0xf8, 0x10, 0x00, 0x00,
  0xe4, 0x0f, 0x00, 0x00, 0x48, 0x0f, 0x00, 0x00, 0x2c, 0x0e, 0x00, 0x00,
  0x88, 0x0d, 0x00, 0x00, 0x84, 0x0c, 0x00, 0x00, 0xe0, 0x0b, 0x00, 0x00,
  0xdc, 0x0a, 0x00, 0x00, 0x38, 0x0a, 0x00, 0x00, 0x1c, 0x09, 0x00, 0x00,
  0x78, 0x08, 0x00, 0x00, 0x74, 0x07, 0x00, 0x00, 0xc8, 0x06, 0x00, 0x00,
  0xc4, 0x05, 0x00, 0x00, 0x20, 0x05, 0x00, 0x00, 0x04, 0x04, 0x00, 0x00,
  0x60, 0x03, 0x00, 0x00, 0x5c, 0x02, 0x00, 0x00, 0xb0, 0x01, 0x00, 0x00,
  0x1c, 0x01, 0x00, 0x00, 0x80, 0x00, 0x00, 0x00, 0x04, 0x00, 0x00, 0x00,
  0x32, 0xbd, 0xff, 0xff, 0x00, 0x00, 0x00, 0x01, 0x18, 0x00, 0x00, 0x00,
  0x20, 0x00, 0x00, 0x00, 0x3c, 0x00, 0x00, 0x00, 0x37, 0x00, 0x00, 0x00,
  0x00, 0x00, 0x00, 0x09, 0x50, 0x00, 0x00, 0x00, 0x02, 0x00, 0x00, 0x00,
  0xff, 0xff, 0xff, 0xff, 0x03, 0x00, 0x00, 0x00, 0x14, 0xbd, 0xff, 0xff,
  0x08, 0x00, 0x00, 0x00, 0x10, 0x00, 0x00, 0x00, 0x01, 0x00, 0x00, 0x00,
  0x80, 0xff, 0xff, 0xff, 0xff, 0xff, 0xff, 0xff, 0x01, 0x00, 0x00, 0x00,
  0x00, 0x00, 0x80, 0x3b, 0x1b, 0x00, 0x00, 0x00, 0x53, 0x74, 0x61, 0x74,
  0x65, 0x66, 0x75, 0x6c, 0x50, 0x61, 0x72, 0x74, 0x69, 0x74, 0x69, 0x6f,
  0x6e, 0x65, 0x64, 0x43, 0x61, 0x6c, 0x6c, 0x5f, 0x31, 0x3a, 0x30, 0x00,
  0x02, 0x00, 0x00, 0x00, 0x01, 0x00, 0x00, 0x00, 0x03, 0x00, 0x00, 0x00,
  0xaa, 0xbd, 0xff, 0xff, 0x00, 0x00, 0x00, 0x01, 0x18, 0x00, 0x00, 0x00,
  0x20, 0x00, 0x00, 0x00, 0x3c, 0x00, 0x00, 0x00, 0x36, 0x00, 0x00, 0x00,
  0x00, 0x00, 0x00, 0x09, 0x70, 0x00, 0x00, 0x00, 0x02, 0x00, 0x00, 0x00,
  0xff, 0xff, 0xff, 0xff, 0x03, 0x00, 0x00, 0x00, 0x8c, 0xbd, 0xff, 0xff,
  0x08, 0x00, 0x00, 0x00, 0x10, 0x00, 0x00, 0x00, 0x01, 0x00, 0x00, 0x00,
  0x05, 0x00, 0x00, 0x00, 0x00, 0x00, 0x00, 0x00, 0x01, 0x00, 0x00, 0x00,
  0x01, 0x2b, 0xce, 0x3d, 0x38, 0x00, 0x00, 0x00, 0x66, 0x75, 0x6e, 0x63,
  0x74, 0x69, 0x6f, 0x6e, 0x61, 0x6c, 0x5f, 0x31, 0x2f, 0x64, 0x65, 0x6e,
  0x73, 0x65, 0x5f, 0x31, 0x2f, 0x4d, 0x61, 0x74, 0x4d, 0x75, 0x6c, 0x3b,
  0x66, 0x75, 0x6e, 0x63, 0x74, 0x69, 0x6f, 0x6e, 0x61, 0x6c, 0x5f, 0x31,
  0x2f, 0x64, 0x65, 0x6e, 0x73, 0x65, 0x5f, 0x31, 0x2f, 0x42, 0x69, 0x61,
  0x73, 0x41, 0x64, 0x64, 0x00, 0x00, 0x00, 0x00, 0x02, 0x00, 0x00, 0x00,
  0x01, 0x00, 0x00, 0x00, 0x03, 0x00, 0x00, 0x00, 0x42, 0xbe, 0xff, 0xff,
  0x00, 0x00, 0x00, 0x01, 0x18, 0x00, 0x00, 0x00, 0x20, 0x00, 0x00, 0x00,
  0x40, 0x00, 0x00, 0x00, 0x35, 0x00, 0x00, 0x00, 0x00, 0x00, 0x00, 0x09,
  0x68, 0x00, 0x00, 0x00, 0x02, 0x00, 0x00, 0x00, 0xff, 0xff, 0xff, 0xff,
  0x20, 0x00, 0x00, 0x00, 0x24, 0xbe, 0xff, 0xff, 0x08, 0x00, 0x00, 0x00,
  0x14, 0x00, 0x00, 0x00, 0x01, 0x00, 0x00, 0x00, 0x80, 0xff, 0xff, 0xff,
  0xff, 0xff, 0xff, 0xff, 0x00, 0x00, 0x00, 0x00, 0x01, 0x00, 0x00, 0x00,
  0x46, 0xf5, 0x9e, 0x3c, 0x2c, 0x00, 0x00, 0x00, 0x66, 0x75, 0x6e, 0x63,
  0x74, 0x69, 0x6f, 0x6e, 0x61, 0x6c, 0x5f, 0x31, 0x2f, 0x67, 0x6c, 0x6f,
  0x62, 0x61, 0x6c, 0x5f, 0x61, 0x76, 0x65, 0x72, 0x61, 0x67, 0x65, 0x5f,
  0x70, 0x6f, 0x6f, 0x6c, 0x69, 0x6e, 0x67, 0x32, 0x64, 0x5f, 0x31, 0x2f,
  0x4d, 0x65, 0x61, 0x6e, 0x00, 0x00, 0x00, 0x00, 0x02, 0x00, 0x00, 0x00,
  0x01, 0x00, 0x00, 0x00, 0x20, 0x00, 0x00, 0x00, 0xd2, 0xbe, 0xff, 0xff,
  0x00, 0x00, 0x00, 0x01, 0x18, 0x00, 0x00, 0x00, 0x28, 0x00, 0x00, 0x00,
  0x48, 0x00, 0x00, 0x00, 0x34, 0x00, 0x00, 0x00, 0x00, 0x00, 0x00, 0x09,
  0x78, 0x00, 0x00, 0x00, 0x04, 0x00, 0x00, 0x00, 0xff, 0xff, 0xff, 0xff,
  0x0a, 0x00, 0x00, 0x00, 0x0d, 0x00, 0x00, 0x00, 0x20, 0x00, 0x00, 0x00,
  0xbc, 0xbe, 0xff, 0xff, 0x08, 0x00, 0x00, 0x00, 0x14, 0x00, 0x00, 0x00,
  0x01, 0x00, 0x00, 0x00, 0x80, 0xff, 0xff, 0xff, 0xff, 0xff, 0xff, 0xff,
  0x00, 0x00, 0x00, 0x00, 0x01, 0x00, 0x00, 0x00, 0x94, 0xbb, 0x99, 0x3d,
  0x34, 0x00, 0x00, 0x00, 0x66, 0x75, 0x6e, 0x63, 0x74, 0x69, 0x6f, 0x6e,
  0x61, 0x6c, 0x5f, 0x31, 0x2f, 0x72, 0x65, 0x5f, 0x6c, 0x75, 0x5f, 0x36,
  0x5f, 0x31, 0x2f, 0x52, 0x65, 0x6c, 0x75, 0x3b, 0x66, 0x75, 0x6e, 0x63,
  0x74, 0x69, 0x6f, 0x6e, 0x61, 0x6c, 0x5f, 0x31, 0x2f, 0x61, 0x64, 0x64,
  0x5f, 0x32, 0x5f, 0x31, 0x2f, 0x41, 0x64, 0x64, 0x00, 0x00, 0x00, 0x00,
  0x04, 0x00, 0x00, 0x00, 0x01, 0x00, 0x00, 0x00, 0x0a, 0x00, 0x00, 0x00,
  0x0d, 0x00, 0x00, 0x00, 0x20, 0x00, 0x00, 0x00, 0x7a, 0xbf, 0xff, 0xff,
  0x00, 0x00, 0x00, 0x01, 0x18, 0x00, 0x00, 0x00, 0x28, 0x00, 0x00, 0x00,
  0x48, 0x00, 0x00, 0x00, 0x33, 0x00, 0x00, 0x00, 0x00, 0x00, 0x00, 0x09,
  0xd0, 0x00, 0x00, 0x00, 0x04, 0x00, 0x00, 0x00, 0xff, 0xff, 0xff, 0xff,
  0x0a, 0x00, 0x00, 0x00, 0x0d, 0x00, 0x00, 0x00, 0x20, 0x00, 0x00, 0x00,
  0x64, 0xbf, 0xff, 0xff, 0x08, 0x00, 0x00, 0x00, 0x14, 0x00, 0x00, 0x00,
  0x01, 0x00, 0x00, 0x00, 0xcf, 0xff, 0xff, 0xff, 0xff, 0xff, 0xff, 0xff,
  0x00, 0x00, 0x00, 0x00, 0x01, 0x00, 0x00, 0x00, 0x4d, 0xa3, 0xde, 0x3d,
  0x8c, 0x00, 0x00, 0x00, 0x66, 0x75, 0x6e, 0x63, 0x74, 0x69, 0x6f, 0x6e,
  0x61, 0x6c, 0x5f, 0x31, 0x2f, 0x62, 0x61, 0x74, 0x63, 0x68, 0x5f, 0x6e,
  0x6f, 0x72, 0x6d, 0x61, 0x6c, 0x69, 0x7a, 0x61, 0x74, 0x69, 0x6f, 0x6e,
  0x5f, 0x37, 0x5f, 0x31, 0x2f, 0x62, 0x61, 0x74, 0x63, 0x68, 0x6e, 0x6f,
  0x72, 0x6d, 0x2f, 0x61, 0x64, 0x64, 0x5f, 0x31, 0x3b, 0x66, 0x75, 0x6e,
  0x63, 0x74, 0x69, 0x6f, 0x6e, 0x61, 0x6c, 0x5f, 0x31, 0x2f, 0x63, 0x6f,
  0x6e, 0x76, 0x32, 0x64, 0x5f, 0x37, 0x5f, 0x31, 0x2f, 0x63, 0x6f, 0x6e,
  0x76, 0x6f, 0x6c, 0x75, 0x74, 0x69, 0x6f, 0x6e, 0x3b, 0x66, 0x75, 0x6e,
  0x63, 0x74, 0x69, 0x6f, 0x6e, 0x61, 0x6c, 0x5f, 0x31, 0x2f, 0x62, 0x61,
  0x74, 0x63, 0x68, 0x5f, 0x6e, 0x6f, 0x72, 0x6d, 0x61, 0x6c, 0x69, 0x7a,
  0x61, 0x74, 0x69, 0x6f, 0x6e, 0x5f, 0x37, 0x5f, 0x31, 0x2f, 0x62, 0x61,
  0x74, 0x63, 0x68, 0x6e, 0x6f, 0x72, 0x6d, 0x2f, 0x73, 0x75, 0x62, 0x31,
  0x00, 0x00, 0x00, 0x00, 0x04, 0x00, 0x00, 0x00, 0x01, 0x00, 0x00, 0x00,
  0x0a, 0x00, 0x00, 0x00, 0x0d, 0x00, 0x00, 0x00, 0x20, 0x00, 0x00, 0x00,
  0x7a, 0xc0, 0xff, 0xff, 0x00, 0x00, 0x00, 0x01, 0x18, 0x00, 0x00, 0x00,
  0x28, 0x00, 0x00, 0x00, 0x48, 0x00, 0x00, 0x00, 0x32, 0x00, 0x00, 0x00,
  0x00, 0x00, 0x00, 0x09, 0x70, 0x00, 0x00, 0x00, 0x04, 0x00, 0x00, 0x00,
  0xff, 0xff, 0xff, 0xff, 0x0a, 0x00, 0x00, 0x00, 0x0d, 0x00, 0x00, 0x00,
  0x20, 0x00, 0x00, 0x00, 0x64, 0xc0, 0xff, 0xff, 0x08, 0x00, 0x00, 0x00,
  0x14, 0x00, 0x00, 0x00, 0x01, 0x00, 0x00, 0x00, 0x3d, 0x00, 0x00, 0x00,
  0x00, 0x00, 0x00, 0x00, 0x00, 0x00, 0x00, 0x00, 0x01, 0x00, 0x00, 0x00,
  0x99, 0xdb, 0x0f, 0x3d, 0x2c, 0x00, 0x00, 0x00, 0x66, 0x75, 0x6e, 0x63,
  0x74, 0x69, 0x6f, 0x6e, 0x61, 0x6c, 0x5f, 0x31, 0x2f, 0x64, 0x65, 0x70,
  0x74, 0x68, 0x77, 0x69, 0x73, 0x65, 0x5f, 0x63, 0x6f, 0x6e, 0x76, 0x32,
  0x64, 0x5f, 0x35, 0x5f, 0x31, 0x2f, 0x64, 0x65, 0x70, 0x74, 0x68, 0x77,
  0x69, 0x73, 0x65, 0x31, 0x00, 0x00, 0x00, 0x00, 0x04, 0x00, 0x00, 0x00,
  0x01, 0x00, 0x00, 0x00, 0x0a, 0x00, 0x00, 0x00, 0x0d, 0x00, 0x00, 0x00,
  0x20, 0x00, 0x00, 0x00, 0x1a, 0xc1, 0xff, 0xff, 0x00, 0x00, 0x00, 0x01,
  0x18, 0x00, 0x00, 0x00, 0x28, 0x00, 0x00, 0x00, 0x44, 0x00, 0x00, 0x00,
  0x31, 0x00, 0x00, 0x00, 0x00, 0x00, 0x00, 0x09, 0xe8, 0x00, 0x00, 0x00,
  0x04, 0x00, 0x00, 0x00, 0xff, 0xff, 0xff, 0xff, 0x0a, 0x00, 0x00, 0x00,
  0x0d, 0x00, 0x00, 0x00, 0x20, 0x00, 0x00, 0x00, 0x04, 0xc1, 0xff, 0xff,
  0x08, 0x00, 0x00, 0x00, 0x10, 0x00, 0x00, 0x00, 0x01, 0x00, 0x00, 0x00,
  0x80, 0xff, 0xff, 0xff, 0xff, 0xff, 0xff, 0xff, 0x01, 0x00, 0x00, 0x00,
  0xd7, 0x59, 0x09, 0x3d, 0xa8, 0x00, 0x00, 0x00, 0x66, 0x75, 0x6e, 0x63,
  0x74, 0x69, 0x6f, 0x6e, 0x61, 0x6c, 0x5f, 0x31, 0x2f, 0x72, 0x65, 0x5f,
  0x6c, 0x75, 0x5f, 0x35, 0x5f, 0x31, 0x2f, 0x52, 0x65, 0x6c, 0x75, 0x3b,
  0x66, 0x75, 0x6e, 0x63, 0x74, 0x69, 0x6f, 0x6e, 0x61, 0x6c, 0x5f, 0x31,
  0x2f, 0x62, 0x61, 0x74, 0x63, 0x68, 0x5f, 0x6e, 0x6f, 0x72, 0x6d, 0x61,
  0x6c, 0x69, 0x7a, 0x61, 0x74, 0x69, 0x6f, 0x6e, 0x5f, 0x36, 0x5f, 0x31,
  0x2f, 0x62, 0x61, 0x74, 0x63, 0x68, 0x6e, 0x6f, 0x72, 0x6d, 0x2f, 0x61,
  0x64, 0x64, 0x5f, 0x31, 0x3b, 0x66, 0x75, 0x6e, 0x63, 0x74, 0x69, 0x6f,
  0x6e, 0x61, 0x6c, 0x5f, 0x31, 0x2f, 0x63, 0x6f, 0x6e, 0x76, 0x32, 0x64,
  0x5f, 0x36, 0x5f, 0x31, 0x2f, 0x63, 0x6f, 0x6e, 0x76, 0x6f, 0x6c, 0x75,
  0x74, 0x69, 0x6f, 0x6e, 0x3b, 0x66, 0x75, 0x6e, 0x63, 0x74, 0x69, 0x6f,
  0x6e, 0x61, 0x6c, 0x5f, 0x31, 0x2f, 0x62, 0x61, 0x74, 0x63, 0x68, 0x5f,
  0x6e, 0x6f, 0x72, 0x6d, 0x61, 0x6c, 0x69, 0x7a, 0x61, 0x74, 0x69, 0x6f,
  0x6e, 0x5f, 0x36, 0x5f, 0x31, 0x2f, 0x62, 0x61, 0x74, 0x63, 0x68, 0x6e,
  0x6f, 0x72, 0x6d, 0x2f, 0x73, 0x75, 0x62, 0x31, 0x00, 0x00, 0x00, 0x00,
  0x04, 0x00, 0x00, 0x00, 0x01, 0x00, 0x00, 0x00, 0x0a, 0x00, 0x00, 0x00,
  0x0d, 0x00, 0x00, 0x00, 0x20, 0x00, 0x00, 0x00, 0x32, 0xc2, 0xff, 0xff,
  0x00, 0x00, 0x00, 0x01, 0x18, 0x00, 0x00, 0x00, 0x28, 0x00, 0x00, 0x00,
  0x48, 0x00, 0x00, 0x00, 0x30, 0x00, 0x00, 0x00, 0x00, 0x00, 0x00, 0x09,
  0x70, 0x00, 0x00, 0x00, 0x04, 0x00, 0x00, 0x00, 0xff, 0xff, 0xff, 0xff,
  0x0a, 0x00, 0x00, 0x00, 0x0d, 0x00, 0x00, 0x00, 0x18, 0x00, 0x00, 0x00,
  0x1c, 0xc2, 0xff, 0xff, 0x08, 0x00, 0x00, 0x00, 0x14, 0x00, 0x00, 0x00,
  0x01, 0x00, 0x00, 0x00, 0xf6, 0xff, 0xff, 0xff, 0xff, 0xff, 0xff, 0xff,
  0x00, 0x00, 0x00, 0x00, 0x01, 0x00, 0x00, 0x00, 0x94, 0xd5, 0xdf, 0x3c,
  0x2c, 0x00, 0x00, 0x00, 0x66, 0x75, 0x6e, 0x63, 0x74, 0x69, 0x6f, 0x6e,
  0x61, 0x6c, 0x5f, 0x31, 0x2f, 0x64, 0x65, 0x70, 0x74, 0x68, 0x77, 0x69,
  0x73, 0x65, 0x5f, 0x63, 0x6f, 0x6e, 0x76, 0x32, 0x64, 0x5f, 0x34, 0x5f,
  0x31, 0x2f, 0x64, 0x65, 0x70, 0x74, 0x68, 0x77, 0x69, 0x73, 0x65, 0x31,
  0x00, 0x00, 0x00, 0x00, 0x04, 0x00, 0x00, 0x00, 0x01, 0x00, 0x00, 0x00,
  0x0a, 0x00, 0x00, 0x00, 0x0d, 0x00, 0x00, 0x00, 0x18, 0x00, 0x00, 0x00,
  0xd2, 0xc2, 0xff, 0xff, 0x00, 0x00, 0x00, 0x01, 0x18, 0x00, 0x00, 0x00,
  0x28, 0x00, 0x00, 0x00, 0x48, 0x00, 0x00, 0x00, 0x2f, 0x00, 0x00, 0x00,
  0x00, 0x00, 0x00, 0x09, 0xd0, 0x00, 0x00, 0x00, 0x04, 0x00, 0x00, 0x00,
  0xff, 0xff, 0xff, 0xff, 0x0a, 0x00, 0x00, 0x00, 0x0d, 0x00, 0x00, 0x00,
  0x20, 0x00, 0x00, 0x00, 0xbc, 0xc2, 0xff, 0xff, 0x08, 0x00, 0x00, 0x00,
  0x14, 0x00, 0x00, 0x00, 0x01, 0x00, 0x00, 0x00, 0xe4, 0xff, 0xff, 0xff,
  0xff, 0xff, 0xff, 0xff, 0x00, 0x00, 0x00, 0x00, 0x01, 0x00, 0x00, 0x00,
  0xd4, 0x4b, 0x72, 0x3d, 0x8c, 0x00, 0x00, 0x00, 0x66, 0x75, 0x6e, 0x63,
  0x74, 0x69, 0x6f, 0x6e, 0x61, 0x6c, 0x5f, 0x31, 0x2f, 0x62, 0x61, 0x74,
  0x63, 0x68, 0x5f, 0x6e, 0x6f, 0x72, 0x6d, 0x61, 0x6c, 0x69, 0x7a, 0x61,
  0x74, 0x69, 0x6f, 0x6e, 0x5f, 0x38, 0x5f, 0x31, 0x2f, 0x62, 0x61, 0x74,
  0x63, 0x68, 0x6e, 0x6f, 0x72, 0x6d, 0x2f, 0x61, 0x64, 0x64, 0x5f, 0x31,
  0x3b, 0x66, 0x75, 0x6e, 0x63, 0x74, 0x69, 0x6f, 0x6e, 0x61, 0x6c, 0x5f,
  0x31, 0x2f, 0x63, 0x6f, 0x6e, 0x76, 0x32, 0x64, 0x5f, 0x38, 0x5f, 0x31,
  0x2f, 0x63, 0x6f, 0x6e, 0x76, 0x6f, 0x6c, 0x75, 0x74, 0x69, 0x6f, 0x6e,
  0x3b, 0x66, 0x75, 0x6e, 0x63, 0x74, 0x69, 0x6f, 0x6e, 0x61, 0x6c, 0x5f,
  0x31, 0x2f, 0x62, 0x61, 0x74, 0x63, 0x68, 0x5f, 0x6e, 0x6f, 0x72, 0x6d,
  0x61, 0x6c, 0x69, 0x7a, 0x61, 0x74, 0x69, 0x6f, 0x6e, 0x5f, 0x38, 0x5f,
  0x31, 0x2f, 0x62, 0x61, 0x74, 0x63, 0x68, 0x6e, 0x6f, 0x72, 0x6d, 0x2f,
  0x73, 0x75, 0x62, 0x31, 0x00, 0x00, 0x00, 0x00, 0x04, 0x00, 0x00, 0x00,
  0x01, 0x00, 0x00, 0x00, 0x0a, 0x00, 0x00, 0x00, 0x0d, 0x00, 0x00, 0x00,
  0x20, 0x00, 0x00, 0x00, 0xd2, 0xc3, 0xff, 0xff, 0x00, 0x00, 0x00, 0x01,
  0x18, 0x00, 0x00, 0x00, 0x28, 0x00, 0x00, 0x00, 0x48, 0x00, 0x00, 0x00,
  0x2e, 0x00, 0x00, 0x00, 0x00, 0x00, 0x00, 0x09, 0x78, 0x00, 0x00, 0x00,
  0x04, 0x00, 0x00, 0x00, 0xff, 0xff, 0xff, 0xff, 0x14, 0x00, 0x00, 0x00,
  0x19, 0x00, 0x00, 0x00, 0x18, 0x00, 0x00, 0x00, 0xbc, 0xc3, 0xff, 0xff,
  0x08, 0x00, 0x00, 0x00, 0x14, 0x00, 0x00, 0x00, 0x01, 0x00, 0x00, 0x00,
  0x80, 0xff, 0xff, 0xff, 0xff, 0xff, 0xff, 0xff, 0x00, 0x00, 0x00, 0x00,
  0x01, 0x00, 0x00, 0x00, 0xed, 0x0c, 0x24, 0x3d, 0x34, 0x00, 0x00, 0x00,
  0x66, 0x75, 0x6e, 0x63, 0x74, 0x69, 0x6f, 0x6e, 0x61, 0x6c, 0x5f, 0x31,
  0x2f, 0x72, 0x65, 0x5f, 0x6c, 0x75, 0x5f, 0x34, 0x5f, 0x31, 0x2f, 0x52,
  0x65, 0x6c, 0x75, 0x3b, 0x66, 0x75, 0x6e, 0x63, 0x74, 0x69, 0x6f, 0x6e,
  0x61, 0x6c, 0x5f, 0x31, 0x2f, 0x61, 0x64, 0x64, 0x5f, 0x31, 0x5f, 0x32,
  0x2f, 0x41, 0x64, 0x64, 0x00, 0x00, 0x00, 0x00, 0x04, 0x00, 0x00, 0x00,
  0x01, 0x00, 0x00, 0x00, 0x14, 0x00, 0x00, 0x00, 0x19, 0x00, 0x00, 0x00,
  0x18, 0x00, 0x00, 0x00, 0x7a, 0xc4, 0xff, 0xff, 0x00, 0x00, 0x00, 0x01,
  0x18, 0x00, 0x00, 0x00, 0x28, 0x00, 0x00, 0x00, 0x48, 0x00, 0x00, 0x00,
  0x2d, 0x00, 0x00, 0x00, 0x00, 0x00, 0x00, 0x09, 0xd0, 0x00, 0x00, 0x00,
  0x04, 0x00, 0x00, 0x00, 0xff, 0xff, 0xff, 0xff, 0x14, 0x00, 0x00, 0x00,
  0x19, 0x00, 0x00, 0x00, 0x18, 0x00, 0x00, 0x00, 0x64, 0xc4, 0xff, 0xff,
  0x08, 0x00, 0x00, 0x00, 0x14, 0x00, 0x00, 0x00, 0x01, 0x00, 0x00, 0x00,
  0xf9, 0xff, 0xff, 0xff, 0xff, 0xff, 0xff, 0xff, 0x00, 0x00, 0x00, 0x00,
  0x01, 0x00, 0x00, 0x00, 0x1c, 0xa8, 0x9c, 0x3d, 0x8c, 0x00, 0x00, 0x00,
  0x66, 0x75, 0x6e, 0x63, 0x74, 0x69, 0x6f, 0x6e, 0x61, 0x6c, 0x5f, 0x31,
  0x2f, 0x62, 0x61, 0x74, 0x63, 0x68, 0x5f, 0x6e, 0x6f, 0x72, 0x6d, 0x61,
  0x6c, 0x69, 0x7a, 0x61, 0x74, 0x69, 0x6f, 0x6e, 0x5f, 0x34, 0x5f, 0x31,
  0x2f, 0x62, 0x61, 0x74, 0x63, 0x68, 0x6e, 0x6f, 0x72, 0x6d, 0x2f, 0x61,
  0x64, 0x64, 0x5f, 0x31, 0x3b, 0x66, 0x75, 0x6e, 0x63, 0x74, 0x69, 0x6f,
  0x6e, 0x61, 0x6c, 0x5f, 0x31, 0x2f, 0x63, 0x6f, 0x6e, 0x76, 0x32, 0x64,
  0x5f, 0x34, 0x5f, 0x31, 0x2f, 0x63, 0x6f, 0x6e, 0x76, 0x6f, 0x6c, 0x75,
  0x74, 0x69, 0x6f, 0x6e, 0x3b, 0x66, 0x75, 0x6e, 0x63, 0x74, 0x69, 0x6f,
  0x6e, 0x61, 0x6c, 0x5f, 0x31, 0x2f, 0x62, 0x61, 0x74, 0x63, 0x68, 0x5f,
  0x6e, 0x6f, 0x72, 0x6d, 0x61, 0x6c, 0x69, 0x7a, 0x61, 0x74, 0x69, 0x6f,
  0x6e, 0x5f, 0x34, 0x5f, 0x31, 0x2f, 0x62, 0x61, 0x74, 0x63, 0x68, 0x6e,
  0x6f, 0x72, 0x6d, 0x2f, 0x73, 0x75, 0x62, 0x31, 0x00, 0x00, 0x00, 0x00,
  0x04, 0x00, 0x00, 0x00, 0x01, 0x00, 0x00, 0x00, 0x14, 0x00, 0x00, 0x00,
  0x19, 0x00, 0x00, 0x00, 0x18, 0x00, 0x00, 0x00, 0x7a, 0xc5, 0xff, 0xff,
  0x00, 0x00, 0x00, 0x01, 0x18, 0x00, 0x00, 0x00, 0x28, 0x00, 0x00, 0x00,
  0x48, 0x00, 0x00, 0x00, 0x2c, 0x00, 0x00, 0x00, 0x00, 0x00, 0x00, 0x09,
  0x70, 0x00, 0x00, 0x00, 0x04, 0x00, 0x00, 0x00, 0xff, 0xff, 0xff, 0xff,
  0x14, 0x00, 0x00, 0x00, 0x19, 0x00, 0x00, 0x00, 0x18, 0x00, 0x00, 0x00,
  0x64, 0xc5, 0xff, 0xff, 0x08, 0x00, 0x00, 0x00, 0x14, 0x00, 0x00, 0x00,
  0x01, 0x00, 0x00, 0x00, 0xe4, 0xff, 0xff, 0xff, 0xff, 0xff, 0xff, 0xff,
  0x00, 0x00, 0x00, 0x00, 0x01, 0x00, 0x00, 0x00, 0x9e, 0x09, 0xd7, 0x3c,
  0x2c, 0x00, 0x00, 0x00, 0x66, 0x75, 0x6e, 0x63, 0x74, 0x69, 0x6f, 0x6e,
  0x61, 0x6c, 0x5f, 0x31, 0x2f, 0x64, 0x65, 0x70, 0x74, 0x68, 0x77, 0x69,
  0x73, 0x65, 0x5f, 0x63, 0x6f, 0x6e, 0x76, 0x32, 0x64, 0x5f, 0x33, 0x5f,
  0x31, 0x2f, 0x64, 0x65, 0x70, 0x74, 0x68, 0x77, 0x69, 0x73, 0x65, 0x31,
  0x00, 0x00, 0x00, 0x00, 0x04, 0x00, 0x00, 0x00, 0x01, 0x00, 0x00, 0x00,
  0x14, 0x00, 0x00, 0x00, 0x19, 0x00, 0x00, 0x00, 0x18, 0x00, 0x00, 0x00,
  0x1a, 0xc6, 0xff, 0xff, 0x00, 0x00, 0x00, 0x01, 0x18, 0x00, 0x00, 0x00,
  0x28, 0x00, 0x00, 0x00, 0x44, 0x00, 0x00, 0x00, 0x2b, 0x00, 0x00, 0x00,
  0x00, 0x00, 0x00, 0x09, 0xe8, 0x00, 0x00, 0x00, 0x04, 0x00, 0x00, 0x00,
  0xff, 0xff, 0xff, 0xff, 0x14, 0x00, 0x00, 0x00, 0x19, 0x00, 0x00, 0x00,
  0x18, 0x00, 0x00, 0x00, 0x04, 0xc6, 0xff, 0xff, 0x08, 0x00, 0x00, 0x00,
  0x10, 0x00, 0x00, 0x00, 0x01, 0x00, 0x00, 0x00, 0x80, 0xff, 0xff, 0xff,
  0xff, 0xff, 0xff, 0xff, 0x01, 0x00, 0x00, 0x00, 0x02, 0x4e, 0x13, 0x3d,
  0xa8, 0x00, 0x00, 0x00, 0x66, 0x75, 0x6e, 0x63, 0x74, 0x69, 0x6f, 0x6e,
  0x61, 0x6c, 0x5f, 0x31, 0x2f, 0x72, 0x65, 0x5f, 0x6c, 0x75, 0x5f, 0x33,
  0x5f, 0x31, 0x2f, 0x52, 0x65, 0x6c, 0x75, 0x3b, 0x66, 0x75, 0x6e, 0x63,
  0x74, 0x69, 0x6f, 0x6e, 0x61, 0x6c, 0x5f, 0x31, 0x2f, 0x62, 0x61, 0x74,
  0x63, 0x68, 0x5f, 0x6e, 0x6f, 0x72, 0x6d, 0x61, 0x6c, 0x69, 0x7a, 0x61,
  0x74, 0x69, 0x6f, 0x6e, 0x5f, 0x33, 0x5f, 0x31, 0x2f, 0x62, 0x61, 0x74,
  0x63, 0x68, 0x6e, 0x6f, 0x72, 0x6d, 0x2f, 0x61, 0x64, 0x64, 0x5f, 0x31,
  0x3b, 0x66, 0x75, 0x6e, 0x63, 0x74, 0x69, 0x6f, 0x6e, 0x61, 0x6c, 0x5f,
  0x31, 0x2f, 0x63, 0x6f, 0x6e, 0x76, 0x32, 0x64, 0x5f, 0x33, 0x5f, 0x31,
  0x2f, 0x63, 0x6f, 0x6e, 0x76, 0x6f, 0x6c, 0x75, 0x74, 0x69, 0x6f, 0x6e,
  0x3b, 0x66, 0x75, 0x6e, 0x63, 0x74, 0x69, 0x6f, 0x6e, 0x61, 0x6c, 0x5f,
  0x31, 0x2f, 0x62, 0x61, 0x74, 0x63, 0x68, 0x5f, 0x6e, 0x6f, 0x72, 0x6d,
  0x61, 0x6c, 0x69, 0x7a, 0x61, 0x74, 0x69, 0x6f, 0x6e, 0x5f, 0x33, 0x5f,
  0x31, 0x2f, 0x62, 0x61, 0x74, 0x63, 0x68, 0x6e, 0x6f, 0x72, 0x6d, 0x2f,
  0x73, 0x75, 0x62, 0x31, 0x00, 0x00, 0x00, 0x00, 0x04, 0x00, 0x00, 0x00,
  0x01, 0x00, 0x00, 0x00, 0x14, 0x00, 0x00, 0x00, 0x19, 0x00, 0x00, 0x00,
  0x18, 0x00, 0x00, 0x00, 0x32, 0xc7, 0xff, 0xff, 0x00, 0x00, 0x00, 0x01,
  0x18, 0x00, 0x00, 0x00, 0x28, 0x00, 0x00, 0x00, 0x48, 0x00, 0x00, 0x00,
  0x2a, 0x00, 0x00, 0x00, 0x00, 0x00, 0x00, 0x09, 0x70, 0x00, 0x00, 0x00,
  0x04, 0x00, 0x00, 0x00, 0xff, 0xff, 0xff, 0xff, 0x14, 0x00, 0x00, 0x00,
  0x19, 0x00, 0x00, 0x00, 0x10, 0x00, 0x00, 0x00, 0x1c, 0xc7, 0xff, 0xff,
  0x08, 0x00, 0x00, 0x00, 0x14, 0x00, 0x00, 0x00, 0x01, 0x00, 0x00, 0x00,
  0xdb, 0xff, 0xff, 0xff, 0xff, 0xff, 0xff, 0xff, 0x00, 0x00, 0x00, 0x00,
  0x01, 0x00, 0x00, 0x00, 0xc4, 0x85, 0xe3, 0x3c, 0x2c, 0x00, 0x00, 0x00,
  0x66, 0x75, 0x6e, 0x63, 0x74, 0x69, 0x6f, 0x6e, 0x61, 0x6c, 0x5f, 0x31,
  0x2f, 0x64, 0x65, 0x70, 0x74, 0x68, 0x77, 0x69, 0x73, 0x65, 0x5f, 0x63,
  0x6f, 0x6e, 0x76, 0x32, 0x64, 0x5f, 0x32, 0x5f, 0x31, 0x2f, 0x64, 0x65,
  0x70, 0x74, 0x68, 0x77, 0x69, 0x73, 0x65, 0x31, 0x00, 0x00, 0x00, 0x00,
  0x04, 0x00, 0x00, 0x00, 0x01, 0x00, 0x00, 0x00, 0x14, 0x00, 0x00, 0x00,
  0x19, 0x00, 0x00, 0x00, 0x10, 0x00, 0x00, 0x00, 0xd2, 0xc7, 0xff, 0xff,
  0x00, 0x00, 0x00, 0x01, 0x18, 0x00, 0x00, 0x00, 0x28, 0x00, 0x00, 0x00,
  0x48, 0x00, 0x00, 0x00, 0x29, 0x00, 0x00, 0x00, 0x00, 0x00, 0x00, 0x09,
  0xd0, 0x00, 0x00, 0x00, 0x04, 0x00, 0x00, 0x00, 0xff, 0xff, 0xff, 0xff,
  0x14, 0x00, 0x00, 0x00, 0x19, 0x00, 0x00, 0x00, 0x18, 0x00, 0x00, 0x00,
  0xbc, 0xc7, 0xff, 0xff, 0x08, 0x00, 0x00, 0x00, 0x14, 0x00, 0x00, 0x00,
  0x01, 0x00, 0x00, 0x00, 0x14, 0x00, 0x00, 0x00, 0x00, 0x00, 0x00, 0x00,
  0x00, 0x00, 0x00, 0x00, 0x01, 0x00, 0x00, 0x00, 0x9d, 0x2f, 0x94, 0x3d,
  0x8c, 0x00, 0x00, 0x00, 0x66, 0x75, 0x6e, 0x63, 0x74, 0x69, 0x6f, 0x6e,
  0x61, 0x6c, 0x5f, 0x31, 0x2f, 0x62, 0x61, 0x74, 0x63, 0x68, 0x5f, 0x6e,
  0x6f, 0x72, 0x6d, 0x61, 0x6c, 0x69, 0x7a, 0x61, 0x74, 0x69, 0x6f, 0x6e,
  0x5f, 0x35, 0x5f, 0x31, 0x2f, 0x62, 0x61, 0x74, 0x63, 0x68, 0x6e, 0x6f,
  0x72, 0x6d, 0x2f, 0x61, 0x64, 0x64, 0x5f, 0x31, 0x3b, 0x66, 0x75, 0x6e,
  0x63, 0x74, 0x69, 0x6f, 0x6e, 0x61, 0x6c, 0x5f, 0x31, 0x2f, 0x63, 0x6f,
  0x6e, 0x76, 0x32, 0x64, 0x5f, 0x35, 0x5f, 0x31, 0x2f, 0x63, 0x6f, 0x6e,
  0x76, 0x6f, 0x6c, 0x75, 0x74, 0x69, 0x6f, 0x6e, 0x3b, 0x66, 0x75, 0x6e,
  0x63, 0x74, 0x69, 0x6f, 0x6e, 0x61, 0x6c, 0x5f, 0x31, 0x2f, 0x62, 0x61,
  0x74, 0x63, 0x68, 0x5f, 0x6e, 0x6f, 0x72, 0x6d, 0x61, 0x6c, 0x69, 0x7a,
  0x61, 0x74, 0x69, 0x6f, 0x6e, 0x5f, 0x35, 0x5f, 0x31, 0x2f, 0x62, 0x61,
  0x74, 0x63, 0x68, 0x6e, 0x6f, 0x72, 0x6d, 0x2f, 0x73, 0x75, 0x62, 0x31,
  0x00, 0x00, 0x00, 0x00, 0x04, 0x00, 0x00, 0x00, 0x01, 0x00, 0x00, 0x00,
  0x14, 0x00, 0x00, 0x00, 0x19, 0x00, 0x00, 0x00, 0x18, 0x00, 0x00, 0x00,
  0xd2, 0xc8, 0xff, 0xff, 0x00, 0x00, 0x00, 0x01, 0x18, 0x00, 0x00, 0x00,
  0x28, 0x00, 0x00, 0x00, 0x44, 0x00, 0x00, 0x00, 0x28, 0x00, 0x00, 0x00,
  0x00, 0x00, 0x00, 0x09, 0x70, 0x00, 0x00, 0x00, 0x04, 0x00, 0x00, 0x00,
  0xff, 0xff, 0xff, 0xff, 0x28, 0x00, 0x00, 0x00, 0x31, 0x00, 0x00, 0x00,
  0x10, 0x00, 0x00, 0x00, 0xbc, 0xc8, 0xff, 0xff, 0x08, 0x00, 0x00, 0x00,
  0x10, 0x00, 0x00, 0x00, 0x01, 0x00, 0x00, 0x00, 0x80, 0xff, 0xff, 0xff,
  0xff, 0xff, 0xff, 0xff, 0x01, 0x00, 0x00, 0x00, 0x76, 0x32, 0x3f, 0x3d,
  0x32, 0x00, 0x00, 0x00, 0x66, 0x75, 0x6e, 0x63, 0x74, 0x69, 0x6f, 0x6e,
  0x61, 0x6c, 0x5f, 0x31, 0x2f, 0x72, 0x65, 0x5f, 0x6c, 0x75, 0x5f, 0x32,
  0x5f, 0x31, 0x2f, 0x52, 0x65, 0x6c, 0x75, 0x3b, 0x66, 0x75, 0x6e, 0x63,
  0x74, 0x69, 0x6f, 0x6e, 0x61, 0x6c, 0x5f, 0x31, 0x2f, 0x61, 0x64, 0x64,
  0x5f, 0x31, 0x2f, 0x41, 0x64, 0x64, 0x00, 0x00, 0x04, 0x00, 0x00, 0x00,
  0x01, 0x00, 0x00, 0x00, 0x28, 0x00, 0x00, 0x00, 0x31, 0x00, 0x00, 0x00,
  0x10, 0x00, 0x00, 0x00, 0x72, 0xc9, 0xff, 0xff, 0x00, 0x00, 0x00, 0x01,
  0x18, 0x00, 0x00, 0x00, 0x28, 0x00, 0x00, 0x00, 0x48, 0x00, 0x00, 0x00,
  0x27, 0x00, 0x00, 0x00, 0x00, 0x00, 0x00, 0x09, 0xd0, 0x00, 0x00, 0x00,
  0x04, 0x00, 0x00, 0x00, 0xff, 0xff, 0xff, 0xff, 0x28, 0x00, 0x00, 0x00,
  0x31, 0x00, 0x00, 0x00, 0x10, 0x00, 0x00, 0x00, 0x5c, 0xc9, 0xff, 0xff,
  0x08, 0x00, 0x00, 0x00, 0x14, 0x00, 0x00, 0x00, 0x01, 0x00, 0x00, 0x00,
  0xf0, 0xff, 0xff, 0xff, 0xff, 0xff, 0xff, 0xff, 0x00, 0x00, 0x00, 0x00,
  0x01, 0x00, 0x00, 0x00, 0x07, 0x11, 0xaa, 0x3d, 0x8c, 0x00, 0x00, 0x00,
  0x66, 0x75, 0x6e, 0x63, 0x74, 0x69, 0x6f, 0x6e, 0x61, 0x6c, 0x5f, 0x31,
  0x2f, 0x62, 0x61, 0x74, 0x63, 0x68, 0x5f, 0x6e, 0x6f, 0x72, 0x6d, 0x61,
  0x6c, 0x69, 0x7a, 0x61, 0x74, 0x69, 0x6f, 0x6e, 0x5f, 0x32, 0x5f, 0x31,
  0x2f, 0x62, 0x61, 0x74, 0x63, 0x68, 0x6e, 0x6f, 0x72, 0x6d, 0x2f, 0x61,
  0x64, 0x64, 0x5f, 0x31, 0x3b, 0x66, 0x75, 0x6e, 0x63, 0x74, 0x69, 0x6f,
  0x6e, 0x61, 0x6c, 0x5f, 0x31, 0x2f, 0x63, 0x6f, 0x6e, 0x76, 0x32, 0x64,
  0x5f, 0x32, 0x5f, 0x31, 0x2f, 0x63, 0x6f, 0x6e, 0x76, 0x6f, 0x6c, 0x75,
  0x74, 0x69, 0x6f, 0x6e, 0x3b, 0x66, 0x75, 0x6e, 0x63, 0x74, 0x69, 0x6f,
  0x6e, 0x61, 0x6c, 0x5f, 0x31, 0x2f, 0x62, 0x61, 0x74, 0x63, 0x68, 0x5f,
  0x6e, 0x6f, 0x72, 0x6d, 0x61, 0x6c, 0x69, 0x7a, 0x61, 0x74, 0x69, 0x6f,
  0x6e, 0x5f, 0x32, 0x5f, 0x31, 0x2f, 0x62, 0x61, 0x74, 0x63, 0x68, 0x6e,
  0x6f, 0x72, 0x6d, 0x2f, 0x73, 0x75, 0x62, 0x31, 0x00, 0x00, 0x00, 0x00,
  0x04, 0x00, 0x00, 0x00, 0x01, 0x00, 0x00, 0x00, 0x28, 0x00, 0x00, 0x00,
  0x31, 0x00, 0x00, 0x00, 0x10, 0x00, 0x00, 0x00, 0x72, 0xca, 0xff, 0xff,
  0x00, 0x00, 0x00, 0x01, 0x18, 0x00, 0x00, 0x00, 0x28, 0x00, 0x00, 0x00,
  0x48, 0x00, 0x00, 0x00, 0x26, 0x00, 0x00, 0x00, 0x00, 0x00, 0x00, 0x09,
  0x70, 0x00, 0x00, 0x00, 0x04, 0x00, 0x00, 0x00, 0xff, 0xff, 0xff, 0xff,
  0x28, 0x00, 0x00, 0x00, 0x31, 0x00, 0x00, 0x00, 0x10, 0x00, 0x00, 0x00,
  0x5c, 0xca, 0xff, 0xff, 0x08, 0x00, 0x00, 0x00, 0x14, 0x00, 0x00, 0x00,
  0x01, 0x00, 0x00, 0x00, 0xfe, 0xff, 0xff, 0xff, 0xff, 0xff, 0xff, 0xff,
  0x00, 0x00, 0x00, 0x00, 0x01, 0x00, 0x00, 0x00, 0x20, 0x5e, 0x11, 0x3d,
  0x2c, 0x00, 0x00, 0x00, 0x66, 0x75, 0x6e, 0x63, 0x74, 0x69, 0x6f, 0x6e,
  0x61, 0x6c, 0x5f, 0x31, 0x2f, 0x64, 0x65, 0x70, 0x74, 0x68, 0x77, 0x69,
  0x73, 0x65, 0x5f, 0x63, 0x6f, 0x6e, 0x76, 0x32, 0x64, 0x5f, 0x31, 0x5f,
  0x32, 0x2f, 0x64, 0x65, 0x70, 0x74, 0x68, 0x77, 0x69, 0x73, 0x65, 0x31,
  0x00, 0x00, 0x00, 0x00, 0x04, 0x00, 0x00, 0x00, 0x01, 0x00, 0x00, 0x00,
  0x28, 0x00, 0x00, 0x00, 0x31, 0x00, 0x00, 0x00, 0x10, 0x00, 0x00, 0x00,
  0x12, 0xcb, 0xff, 0xff, 0x00, 0x00, 0x00, 0x01, 0x18, 0x00, 0x00, 0x00,
  0x28, 0x00, 0x00, 0x00, 0x44, 0x00, 0x00, 0x00, 0x25, 0x00, 0x00, 0x00,
  0x00, 0x00, 0x00, 0x09, 0xe8, 0x00, 0x00, 0x00, 0x04, 0x00, 0x00, 0x00,
  0xff, 0xff, 0xff, 0xff, 0x28, 0x00, 0x00, 0x00, 0x31, 0x00, 0x00, 0x00,
  0x10, 0x00, 0x00, 0x00, 0xfc, 0xca, 0xff, 0xff, 0x08, 0x00, 0x00, 0x00,
  0x10, 0x00, 0x00, 0x00, 0x01, 0x00, 0x00, 0x00, 0x80, 0xff, 0xff, 0xff,
  0xff, 0xff, 0xff, 0xff, 0x01, 0x00, 0x00, 0x00, 0x65, 0x1e, 0x2b, 0x3d,
  0xa8, 0x00, 0x00, 0x00, 0x66, 0x75, 0x6e, 0x63, 0x74, 0x69, 0x6f, 0x6e,
  0x61, 0x6c, 0x5f, 0x31, 0x2f, 0x72, 0x65, 0x5f, 0x6c, 0x75, 0x5f, 0x31,
  0x5f, 0x32, 0x2f, 0x52, 0x65, 0x6c, 0x75, 0x3b, 0x66, 0x75, 0x6e, 0x63,
  0x74, 0x69, 0x6f, 0x6e, 0x61, 0x6c, 0x5f, 0x31, 0x2f, 0x62, 0x61, 0x74,
  0x63, 0x68, 0x5f, 0x6e, 0x6f, 0x72, 0x6d, 0x61, 0x6c, 0x69, 0x7a, 0x61,
  0x74, 0x69, 0x6f, 0x6e, 0x5f, 0x31, 0x5f, 0x32, 0x2f, 0x62, 0x61, 0x74,
  0x63, 0x68, 0x6e, 0x6f, 0x72, 0x6d, 0x2f, 0x61, 0x64, 0x64, 0x5f, 0x31,
  0x3b, 0x66, 0x75, 0x6e, 0x63, 0x74, 0x69, 0x6f, 0x6e, 0x61, 0x6c, 0x5f,
  0x31, 0x2f, 0x63, 0x6f, 0x6e, 0x76, 0x32, 0x64, 0x5f, 0x31, 0x5f, 0x32,
  0x2f, 0x63, 0x6f, 0x6e, 0x76, 0x6f, 0x6c, 0x75, 0x74, 0x69, 0x6f, 0x6e,
  0x3b, 0x66, 0x75, 0x6e, 0x63, 0x74, 0x69, 0x6f, 0x6e, 0x61, 0x6c, 0x5f,
  0x31, 0x2f, 0x62, 0x61, 0x74, 0x63, 0x68, 0x5f, 0x6e, 0x6f, 0x72, 0x6d,
  0x61, 0x6c, 0x69, 0x7a, 0x61, 0x74, 0x69, 0x6f, 0x6e, 0x5f, 0x31, 0x5f,
  0x32, 0x2f, 0x62, 0x61, 0x74, 0x63, 0x68, 0x6e, 0x6f, 0x72, 0x6d, 0x2f,
  0x73, 0x75, 0x62, 0x31, 0x00, 0x00, 0x00, 0x00, 0x04, 0x00, 0x00, 0x00,
  0x01, 0x00, 0x00, 0x00, 0x28, 0x00, 0x00, 0x00, 0x31, 0x00, 0x00, 0x00,
  0x10, 0x00, 0x00, 0x00, 0x2a, 0xcc, 0xff, 0xff, 0x00, 0x00, 0x00, 0x01,
  0x18, 0x00, 0x00, 0x00, 0x28, 0x00, 0x00, 0x00, 0x44, 0x00, 0x00, 0x00,
  0x24, 0x00, 0x00, 0x00, 0x00, 0x00, 0x00, 0x09, 0x68, 0x00, 0x00, 0x00,
  0x04, 0x00, 0x00, 0x00, 0xff, 0xff, 0xff, 0xff, 0x28, 0x00, 0x00, 0x00,
  0x31, 0x00, 0x00, 0x00, 0x10, 0x00, 0x00, 0x00, 0x14, 0xcc, 0xff, 0xff,
  0x08, 0x00, 0x00, 0x00, 0x10, 0x00, 0x00, 0x00, 0x01, 0x00, 0x00, 0x00,
  0x09, 0x00, 0x00, 0x00, 0x00, 0x00, 0x00, 0x00, 0x01, 0x00, 0x00, 0x00,
  0x34, 0xd1, 0xab, 0x3c, 0x2a, 0x00, 0x00, 0x00, 0x66, 0x75, 0x6e, 0x63,
  0x74, 0x69, 0x6f, 0x6e, 0x61, 0x6c, 0x5f, 0x31, 0x2f, 0x64, 0x65, 0x70,
  0x74, 0x68, 0x77, 0x69, 0x73, 0x65, 0x5f, 0x63, 0x6f, 0x6e, 0x76, 0x32,
  0x64, 0x5f, 0x31, 0x2f, 0x64, 0x65, 0x70, 0x74, 0x68, 0x77, 0x69, 0x73,
  0x65, 0x31, 0x00, 0x00, 0x04, 0x00, 0x00, 0x00, 0x01, 0x00, 0x00, 0x00,
  0x28, 0x00, 0x00, 0x00, 0x31, 0x00, 0x00, 0x00, 0x10, 0x00, 0x00, 0x00,
  0xc2, 0xcc, 0xff, 0xff, 0x00, 0x00, 0x00, 0x01, 0x18, 0x00, 0x00, 0x00,
  0x28, 0x00, 0x00, 0x00, 0x44, 0x00, 0x00, 0x00, 0x23, 0x00, 0x00, 0x00,
  0x00, 0x00, 0x00, 0x09, 0xe0, 0x00, 0x00, 0x00, 0x04, 0x00, 0x00, 0x00,
  0xff, 0xff, 0xff, 0xff, 0x28, 0x00, 0x00, 0x00, 0x31, 0x00, 0x00, 0x00,
  0x10, 0x00, 0x00, 0x00, 0xac, 0xcc, 0xff, 0xff, 0x08, 0x00, 0x00, 0x00,
  0x10, 0x00, 0x00, 0x00, 0x01, 0x00, 0x00, 0x00, 0x80, 0xff, 0xff, 0xff,
  0xff, 0xff, 0xff, 0xff, 0x01, 0x00, 0x00, 0x00, 0xeb, 0x6a, 0xfd, 0x3c,
  0xa0, 0x00, 0x00, 0x00, 0x66, 0x75, 0x6e, 0x63, 0x74, 0x69, 0x6f, 0x6e,
  0x61, 0x6c, 0x5f, 0x31, 0x2f, 0x72, 0x65, 0x5f, 0x6c, 0x75, 0x5f, 0x31,
  0x2f, 0x52, 0x65, 0x6c, 0x75, 0x3b, 0x66, 0x75, 0x6e, 0x63, 0x74, 0x69,
  0x6f, 0x6e, 0x61, 0x6c, 0x5f, 0x31, 0x2f, 0x62, 0x61, 0x74, 0x63, 0x68,
  0x5f, 0x6e, 0x6f, 0x72, 0x6d, 0x61, 0x6c, 0x69, 0x7a, 0x61, 0x74, 0x69,
  0x6f, 0x6e, 0x5f, 0x31, 0x2f, 0x62, 0x61, 0x74, 0x63, 0x68, 0x6e, 0x6f,
  0x72, 0x6d, 0x2f, 0x61, 0x64, 0x64, 0x5f, 0x31, 0x3b, 0x66, 0x75, 0x6e,
  0x63, 0x74, 0x69, 0x6f, 0x6e, 0x61, 0x6c, 0x5f, 0x31, 0x2f, 0x63, 0x6f,
  0x6e, 0x76, 0x32, 0x64, 0x5f, 0x31, 0x2f, 0x63, 0x6f, 0x6e, 0x76, 0x6f,
  0x6c, 0x75, 0x74, 0x69, 0x6f, 0x6e, 0x3b, 0x66, 0x75, 0x6e, 0x63, 0x74,
  0x69, 0x6f, 0x6e, 0x61, 0x6c, 0x5f, 0x31, 0x2f, 0x62, 0x61, 0x74, 0x63,
  0x68, 0x5f, 0x6e, 0x6f, 0x72, 0x6d, 0x61, 0x6c, 0x69, 0x7a, 0x61, 0x74,
  0x69, 0x6f, 0x6e, 0x5f, 0x31, 0x2f, 0x62, 0x61, 0x74, 0x63, 0x68, 0x6e,
  0x6f, 0x72, 0x6d, 0x2f, 0x73, 0x75, 0x62, 0x31, 0x00, 0x00, 0x00, 0x00,
  0x04, 0x00, 0x00, 0x00, 0x01, 0x00, 0x00, 0x00, 0x28, 0x00, 0x00, 0x00,
  0x31, 0x00, 0x00, 0x00, 0x10, 0x00, 0x00, 0x00, 0x5a, 0xce, 0xff, 0xff,
  0x00, 0x00, 0x00, 0x01, 0x14, 0x00, 0x00, 0x00, 0xe8, 0x00, 0x00, 0x00,
  0x22, 0x00, 0x00, 0x00, 0x00, 0x00, 0x00, 0x09, 0x04, 0x01, 0x00, 0x00,
  0xa4, 0xcd, 0xff, 0xff, 0x08, 0x00, 0x00, 0x00, 0x8c, 0x00, 0x00, 0x00,
  0x10, 0x00, 0x00, 0x00, 0x00, 0x00, 0x00, 0x00, 0x00, 0x00, 0x00, 0x00,
  0x00, 0x00, 0x00, 0x00, 0x00, 0x00, 0x00, 0x00, 0x00, 0x00, 0x00, 0x00,
  0x00, 0x00, 0x00, 0x00, 0x00, 0x00, 0x00, 0x00, 0x00, 0x00, 0x00, 0x00,
  0x00, 0x00, 0x00, 0x00, 0x00, 0x00, 0x00, 0x00, 0x00, 0x00, 0x00, 0x00,
  0x00, 0x00, 0x00, 0x00, 0x00, 0x00, 0x00, 0x00, 0x00, 0x00, 0x00, 0x00,
  0x00, 0x00, 0x00, 0x00, 0x00, 0x00, 0x00, 0x00, 0x00, 0x00, 0x00, 0x00,
  0x00, 0x00, 0x00, 0x00, 0x00, 0x00, 0x00, 0x00, 0x00, 0x00, 0x00, 0x00,
  0x00, 0x00, 0x00, 0x00, 0x00, 0x00, 0x00, 0x00, 0x00, 0x00, 0x00, 0x00,
  0x00, 0x00, 0x00, 0x00, 0x00, 0x00, 0x00, 0x00, 0x00, 0x00, 0x00, 0x00,
  0x00, 0x00, 0x00, 0x00, 0x00, 0x00, 0x00, 0x00, 0x00, 0x00, 0x00, 0x00,
  0x00, 0x00, 0x00, 0x00, 0x00, 0x00, 0x00, 0x00, 0x00, 0x00, 0x00, 0x00,
  0x00, 0x00, 0x00, 0x00, 0x10, 0x00, 0x00, 0x00, 0xb1, 0xb7, 0xcf, 0x3c,
  0x5b, 0x7a, 0xe1, 0x3c, 0x0b, 0x80, 0x05, 0x3d, 0x45, 0xcf, 0xdd, 0x3c,
  0xba, 0x0b, 0x97, 0x3c, 0x4c, 0x7a, 0xe3, 0x3c, 0xf7, 0xe1, 0x66, 0x3c,
  0x3c, 0x6d, 0x8a, 0x3c, 0x12, 0xf8, 0x60, 0x3c, 0xed, 0x24, 0xa9, 0x3c,
  0x70, 0x0b, 0xbd, 0x3c, 0x5b, 0x0d, 0x6f, 0x3c, 0xe6, 0xb3, 0x65, 0x3c,
  0x83, 0xbf, 0xe3, 0x3c, 0xc5, 0xb2, 0xd9, 0x3c, 0xd2, 0xb1, 0xd0, 0x3c,
  0x21, 0x00, 0x00, 0x00, 0x66, 0x75, 0x6e, 0x63, 0x74, 0x69, 0x6f, 0x6e,
  0x61, 0x6c, 0x5f, 0x31, 0x2f, 0x63, 0x6f, 0x6e, 0x76, 0x32, 0x64, 0x5f,
  0x31, 0x2f, 0x63, 0x6f, 0x6e, 0x76, 0x6f, 0x6c, 0x75, 0x74, 0x69, 0x6f,
  0x6e, 0x00, 0x00, 0x00, 0x04, 0x00, 0x00, 0x00, 0x10, 0x00, 0x00, 0x00,
  0x03, 0x00, 0x00, 0x00, 0x03, 0x00, 0x00, 0x00, 0x01, 0x00, 0x00, 0x00,
  0x8a, 0xcf, 0xff, 0xff, 0x00, 0x00, 0x00, 0x01, 0x14, 0x00, 0x00, 0x00,
  0xe4, 0x00, 0x00, 0x00, 0x21, 0x00, 0x00, 0x00, 0x00, 0x00, 0x00, 0x02,
  0x7c, 0x01, 0x00, 0x00, 0xd4, 0xce, 0xff, 0xff, 0x08, 0x00, 0x00, 0x00,
  0x88, 0x00, 0x00, 0x00, 0x10, 0x00, 0x00, 0x00, 0x00, 0x00, 0x00, 0x00,
  0x00, 0x00, 0x00, 0x00, 0x00, 0x00, 0x00, 0x00, 0x00, 0x00, 0x00, 0x00,
  0x00, 0x00, 0x00, 0x00, 0x00, 0x00, 0x00, 0x00, 0x00, 0x00, 0x00, 0x00,
  0x00, 0x00, 0x00, 0x00, 0x00, 0x00, 0x00, 0x00, 0x00, 0x00, 0x00, 0x00,
  0x00, 0x00, 0x00, 0x00, 0x00, 0x00, 0x00, 0x00, 0x00, 0x00, 0x00, 0x00,
  0x00, 0x00, 0x00, 0x00, 0x00, 0x00, 0x00, 0x00, 0x00, 0x00, 0x00, 0x00,
  0x00, 0x00, 0x00, 0x00, 0x00, 0x00, 0x00, 0x00, 0x00, 0x00, 0x00, 0x00,
  0x00, 0x00, 0x00, 0x00, 0x00, 0x00, 0x00, 0x00, 0x00, 0x00, 0x00, 0x00,
  0x00, 0x00, 0x00, 0x00, 0x00, 0x00, 0x00, 0x00, 0x00, 0x00, 0x00, 0x00,
  0x00, 0x00, 0x00, 0x00, 0x00, 0x00, 0x00, 0x00, 0x00, 0x00, 0x00, 0x00,
  0x00, 0x00, 0x00, 0x00, 0x00, 0x00, 0x00, 0x00, 0x00, 0x00, 0x00, 0x00,
  0x00, 0x00, 0x00, 0x00, 0x10, 0x00, 0x00, 0x00, 0x3a, 0x88, 0xd0, 0x38,
  0xb9, 0x5c, 0xe2, 0x38, 0x12, 0x06, 0x06, 0x39, 0xf4, 0xad, 0xde, 0x38,
  0x5e, 0xa3, 0x97, 0x38, 0xac, 0x5e, 0xe4, 0x38, 0xc2, 0xc9, 0x67, 0x38,
  0x35, 0xf8, 0x8a, 0x38, 0xed, 0xd9, 0x61, 0x38, 0xbc, 0xce, 0xa9, 0x38,
  0x3a, 0xc9, 0xbd, 0x38, 0x59, 0xfd, 0x6f, 0x38, 0x81, 0x9a, 0x66, 0x38,
  0x28, 0xa4, 0xe4, 0x38, 0x53, 0x8d, 0xda, 0x38, 0x56, 0x83, 0xd1, 0x38,
  0x9f, 0x00, 0x00, 0x00, 0x66, 0x75, 0x6e, 0x63, 0x74, 0x69, 0x6f, 0x6e,
  0x61, 0x6c, 0x5f, 0x31, 0x2f, 0x72, 0x65, 0x5f, 0x6c, 0x75, 0x5f, 0x31,
  0x2f, 0x52, 0x65, 0x6c, 0x75, 0x3b, 0x66, 0x75, 0x6e, 0x63, 0x74, 0x69,
  0x6f, 0x6e, 0x61, 0x6c, 0x5f, 0x31, 0x2f, 0x62, 0x61, 0x74, 0x63, 0x68,
  0x5f, 0x6e, 0x6f, 0x72, 0x6d, 0x61, 0x6c, 0x69, 0x7a, 0x61, 0x74, 0x69,
  0x6f, 0x6e, 0x5f, 0x31, 0x2f, 0x62, 0x61, 0x74, 0x63, 0x68, 0x6e, 0x6f,
  0x72, 0x6d, 0x2f, 0x61, 0x64, 0x64, 0x5f, 0x31, 0x3b, 0x66, 0x75, 0x6e,
  0x63, 0x74, 0x69, 0x6f, 0x6e, 0x61, 0x6c, 0x5f, 0x31, 0x2f, 0x63, 0x6f,
  0x6e, 0x76, 0x32, 0x64, 0x5f, 0x31, 0x2f, 0x63, 0x6f, 0x6e, 0x76, 0x6f,
  0x6c, 0x75, 0x74, 0x69, 0x6f, 0x6e, 0x3b, 0x66, 0x75, 0x6e, 0x63, 0x74,
  0x69, 0x6f, 0x6e, 0x61, 0x6c, 0x5f, 0x31, 0x2f, 0x62, 0x61, 0x74, 0x63,
  0x68, 0x5f, 0x6e, 0x6f, 0x72, 0x6d, 0x61, 0x6c, 0x69, 0x7a, 0x61, 0x74,
  0x69, 0x6f, 0x6e, 0x5f, 0x31, 0x2f, 0x62, 0x61, 0x74, 0x63, 0x68, 0x6e,
  0x6f, 0x72, 0x6d, 0x2f, 0x73, 0x75, 0x62, 0x00, 0x01, 0x00, 0x00, 0x00,
  0x10, 0x00, 0x00, 0x00, 0x26, 0xd1, 0xff, 0xff, 0x00, 0x00, 0x00, 0x01,
  0x14, 0x00, 0x00, 0x00, 0xec, 0x00, 0x00, 0x00, 0x20, 0x00, 0x00, 0x00,
  0x00, 0x00, 0x00, 0x09, 0x10, 0x01, 0x00, 0x00, 0x42, 0xda, 0xff, 0xff,
  0x03, 0x00, 0x00, 0x00, 0x08, 0x00, 0x00, 0x00, 0x8c, 0x00, 0x00, 0x00,
  0x10, 0x00, 0x00, 0x00, 0x00, 0x00, 0x00, 0x00, 0x00, 0x00, 0x00, 0x00,
  0x00, 0x00, 0x00, 0x00, 0x00, 0x00, 0x00, 0x00, 0x00, 0x00, 0x00, 0x00,
  0x00, 0x00, 0x00, 0x00, 0x00, 0x00, 0x00, 0x00, 0x00, 0x00, 0x00, 0x00,
  0x00, 0x00, 0x00, 0x00, 0x00, 0x00, 0x00, 0x00, 0x00, 0x00, 0x00, 0x00,
  0x00, 0x00, 0x00, 0x00, 0x00, 0x00, 0x00, 0x00, 0x00, 0x00, 0x00, 0x00,
  0x00, 0x00, 0x00, 0x00, 0x00, 0x00, 0x00, 0x00, 0x00, 0x00, 0x00, 0x00,
  0x00, 0x00, 0x00, 0x00, 0x00, 0x00, 0x00, 0x00, 0x00, 0x00, 0x00, 0x00,
  0x00, 0x00, 0x00, 0x00, 0x00, 0x00, 0x00, 0x00, 0x00, 0x00, 0x00, 0x00,
  0x00, 0x00, 0x00, 0x00, 0x00, 0x00, 0x00, 0x00, 0x00, 0x00, 0x00, 0x00,
  0x00, 0x00, 0x00, 0x00, 0x00, 0x00, 0x00, 0x00, 0x00, 0x00, 0x00, 0x00,
  0x00, 0x00, 0x00, 0x00, 0x00, 0x00, 0x00, 0x00, 0x00, 0x00, 0x00, 0x00,
  0x00, 0x00, 0x00, 0x00, 0x10, 0x00, 0x00, 0x00, 0xaa, 0xa7, 0xb5, 0x3a,
  0xd3, 0x1d, 0xa7, 0x3a, 0xf3, 0xfe, 0xdf, 0x3a, 0xf2, 0xfe, 0xdd, 0x3a,
  0xaa, 0x97, 0xbf, 0x3a, 0x12, 0x26, 0xeb, 0x3a, 0xcf, 0xdf, 0xb5, 0x3a,
  0x6d, 0xe0, 0xc2, 0x3a, 0xbf, 0xf5, 0xa8, 0x3a, 0x61, 0x86, 0x93, 0x3a,
  0x03, 0xe5, 0xb3, 0x3a, 0x38, 0x24, 0xb4, 0x3a, 0xc3, 0xad, 0xba, 0x3a,
  0xdd, 0x0c, 0xef, 0x3a, 0xba, 0xfe, 0xa4, 0x3a, 0x97, 0xf5, 0xbd, 0x3a,
  0x29, 0x00, 0x00, 0x00, 0x66, 0x75, 0x6e, 0x63, 0x74, 0x69, 0x6f, 0x6e,
  0x61, 0x6c, 0x5f, 0x31, 0x2f, 0x64, 0x65, 0x70, 0x74, 0x68, 0x77, 0x69,
  0x73, 0x65, 0x5f, 0x63, 0x6f, 0x6e, 0x76, 0x32, 0x64, 0x5f, 0x31, 0x2f,
  0x64, 0x65, 0x70, 0x74, 0x68, 0x77, 0x69, 0x73, 0x65, 0x00, 0x00, 0x00,
  0x04, 0x00, 0x00, 0x00, 0x01, 0x00, 0x00, 0x00, 0x03, 0x00, 0x00, 0x00,
  0x03, 0x00, 0x00, 0x00, 0x10, 0x00, 0x00, 0x00, 0x62, 0xd2, 0xff, 0xff,
  0x00, 0x00, 0x00, 0x01, 0x14, 0x00, 0x00, 0x00, 0xe4, 0x00, 0x00, 0x00,
  0x1d, 0x00, 0x00, 0x00, 0x00, 0x00, 0x00, 0x02, 0xf0, 0x00, 0x00, 0x00,
  0xac, 0xd1, 0xff, 0xff, 0x08, 0x00, 0x00, 0x00, 0x88, 0x00, 0x00, 0x00,
  0x10, 0x00, 0x00, 0x00, 0x00, 0x00, 0x00, 0x00, 0x00, 0x00, 0x00, 0x00,
  0x00, 0x00, 0x00, 0x00, 0x00, 0x00, 0x00, 0x00, 0x00, 0x00, 0x00, 0x00,
  0x00, 0x00, 0x00, 0x00, 0x00, 0x00, 0x00, 0x00, 0x00, 0x00, 0x00, 0x00,
  0x00, 0x00, 0x00, 0x00, 0x00, 0x00, 0x00, 0x00, 0x00, 0x00, 0x00, 0x00,
  0x00, 0x00, 0x00, 0x00, 0x00, 0x00, 0x00, 0x00, 0x00, 0x00, 0x00, 0x00,
  0x00, 0x00, 0x00, 0x00, 0x00, 0x00, 0x00, 0x00, 0x00, 0x00, 0x00, 0x00,
  0x00, 0x00, 0x00, 0x00, 0x00, 0x00, 0x00, 0x00, 0x00, 0x00, 0x00, 0x00,
  0x00, 0x00, 0x00, 0x00, 0x00, 0x00, 0x00, 0x00, 0x00, 0x00, 0x00, 0x00,
  0x00, 0x00, 0x00, 0x00, 0x00, 0x00, 0x00, 0x00, 0x00, 0x00, 0x00, 0x00,
  0x00, 0x00, 0x00, 0x00, 0x00, 0x00, 0x00, 0x00, 0x00, 0x00, 0x00, 0x00,
  0x00, 0x00, 0x00, 0x00, 0x00, 0x00, 0x00, 0x00, 0x00, 0x00, 0x00, 0x00,
  0x10, 0x00, 0x00, 0x00, 0x39, 0x82, 0x9d, 0x38, 0xa9, 0x82, 0xbb, 0x38,
  0x4b, 0x60, 0x9d, 0x38, 0xd1, 0xa9, 0xc4, 0x38, 0x5f, 0x6e, 0xab, 0x38,
  0x5f, 0x60, 0xaf, 0x38, 0xf2, 0xe5, 0x81, 0x38, 0xb8, 0x89, 0x69, 0x38,
  0xd9, 0x94, 0x97, 0x38, 0x12, 0x17, 0x97, 0x38, 0x9f, 0xde, 0x99, 0x38,
  0xf7, 0xd8, 0xa0, 0x38, 0xc3, 0x2d, 0x97, 0x38, 0xe9, 0x94, 0xa4, 0x38,
  0x75, 0x49, 0xa4, 0x38, 0x50, 0x75, 0x96, 0x38, 0x10, 0x00, 0x00, 0x00,
  0x61, 0x72, 0x69, 0x74, 0x68, 0x2e, 0x63, 0x6f, 0x6e, 0x73, 0x74, 0x61,
  0x6e, 0x74, 0x32, 0x32, 0x00, 0x00, 0x00, 0x00, 0x01, 0x00, 0x00, 0x00,
  0x10, 0x00, 0x00, 0x00, 0x72, 0xd3, 0xff, 0xff, 0x00, 0x00, 0x00, 0x01,
  0x14, 0x00, 0x00, 0x00, 0xe4, 0x00, 0x00, 0x00, 0x1d, 0x00, 0x00, 0x00,
  0x00, 0x00, 0x00, 0x02, 0xf0, 0x00, 0x00, 0x00, 0xbc, 0xd2, 0xff, 0xff,
  0x08, 0x00, 0x00, 0x00, 0x88, 0x00, 0x00, 0x00, 0x10, 0x00, 0x00, 0x00,
  0x00, 0x00, 0x00, 0x00, 0x00, 0x00, 0x00, 0x00, 0x00, 0x00, 0x00, 0x00,
  0x00, 0x00, 0x00, 0x00, 0x00, 0x00, 0x00, 0x00, 0x00, 0x00, 0x00, 0x00,
  0x00, 0x00, 0x00, 0x00, 0x00, 0x00, 0x00, 0x00, 0x00, 0x00, 0x00, 0x00,
  0x00, 0x00, 0x00, 0x00, 0x00, 0x00, 0x00, 0x00, 0x00, 0x00, 0x00, 0x00,
  0x00, 0x00, 0x00, 0x00, 0x00, 0x00, 0x00, 0x00, 0x00, 0x00, 0x00, 0x00,
  0x00, 0x00, 0x00, 0x00, 0x00, 0x00, 0x00, 0x00, 0x00, 0x00, 0x00, 0x00,
  0x00, 0x00, 0x00, 0x00, 0x00, 0x00, 0x00, 0x00, 0x00, 0x00, 0x00, 0x00,
  0x00, 0x00, 0x00, 0x00, 0x00, 0x00, 0x00, 0x00, 0x00, 0x00, 0x00, 0x00,
  0x00, 0x00, 0x00, 0x00, 0x00, 0x00, 0x00, 0x00, 0x00, 0x00, 0x00, 0x00,
  0x00, 0x00, 0x00, 0x00, 0x00, 0x00, 0x00, 0x00, 0x00, 0x00, 0x00, 0x00,
  0x00, 0x00, 0x00, 0x00, 0x00, 0x00, 0x00, 0x00, 0x10, 0x00, 0x00, 0x00,
  0x3e, 0x42, 0x82, 0x38, 0xc0, 0x39, 0x76, 0x38, 0x5e, 0x1f, 0x49, 0x38,
  0xf6, 0x02, 0x95, 0x38, 0xf1, 0xb6, 0x76, 0x38, 0x4a, 0x97, 0x5d, 0x38,
  0x1c, 0x4c, 0xd7, 0x38, 0xff, 0x5a, 0x3a, 0x38, 0x8d, 0xa5, 0x96, 0x38,
  0x32, 0x2c, 0x6e, 0x38, 0xdd, 0x38, 0x78, 0x38, 0x8d, 0xa3, 0x94, 0x38,
  0xb5, 0xfa, 0x71, 0x38, 0xbc, 0x39, 0x6d, 0x38, 0x0c, 0xea, 0x91, 0x38,
  0xce, 0xab, 0x93, 0x38, 0x10, 0x00, 0x00, 0x00, 0x61, 0x72, 0x69, 0x74,
  0x68, 0x2e, 0x63, 0x6f, 0x6e, 0x73, 0x74, 0x61, 0x6e, 0x74, 0x32, 0x31,
  0x00, 0x00, 0x00, 0x00, 0x01, 0x00, 0x00, 0x00, 0x10, 0x00, 0x00, 0x00,
  0x82, 0xd4, 0xff, 0xff, 0x00, 0x00, 0x00, 0x01, 0x14, 0x00, 0x00, 0x00,
  0xe8, 0x00, 0x00, 0x00, 0x1d, 0x00, 0x00, 0x00, 0x00, 0x00, 0x00, 0x02,
  0xf0, 0x00, 0x00, 0x00, 0xcc, 0xd3, 0xff, 0xff, 0x08, 0x00, 0x00, 0x00,
  0x8c, 0x00, 0x00, 0x00, 0x10, 0x00, 0x00, 0x00, 0x00, 0x00, 0x00, 0x00,
  0x00, 0x00, 0x00, 0x00, 0x00, 0x00, 0x00, 0x00, 0x00, 0x00, 0x00, 0x00,
  0x00, 0x00, 0x00, 0x00, 0x00, 0x00, 0x00, 0x00, 0x00, 0x00, 0x00, 0x00,
  0x00, 0x00, 0x00, 0x00, 0x00, 0x00, 0x00, 0x00, 0x00, 0x00, 0x00, 0x00,
  0x00, 0x00, 0x00, 0x00, 0x00, 0x00, 0x00, 0x00, 0x00, 0x00, 0x00, 0x00,
  0x00, 0x00, 0x00, 0x00, 0x00, 0x00, 0x00, 0x00, 0x00, 0x00, 0x00, 0x00,
  0x00, 0x00, 0x00, 0x00, 0x00, 0x00, 0x00, 0x00, 0x00, 0x00, 0x00, 0x00,
  0x00, 0x00, 0x00, 0x00, 0x00, 0x00, 0x00, 0x00, 0x00, 0x00, 0x00, 0x00,
  0x00, 0x00, 0x00, 0x00, 0x00, 0x00, 0x00, 0x00, 0x00, 0x00, 0x00, 0x00,
  0x00, 0x00, 0x00, 0x00, 0x00, 0x00, 0x00, 0x00, 0x00, 0x00, 0x00, 0x00,
  0x00, 0x00, 0x00, 0x00, 0x00, 0x00, 0x00, 0x00, 0x00, 0x00, 0x00, 0x00,
  0x00, 0x00, 0x00, 0x00, 0x00, 0x00, 0x00, 0x00, 0x10, 0x00, 0x00, 0x00,
  0x91, 0xd2, 0x33, 0x38, 0x45, 0x6e, 0x25, 0x38, 0x83, 0xbc, 0x5d, 0x38,
  0xad, 0xc1, 0x5b, 0x38, 0xe8, 0xa8, 0x3d, 0x38, 0xd5, 0xc6, 0x68, 0x38,
  0x25, 0x0a, 0x34, 0x38, 0x30, 0xe9, 0x40, 0x38, 0x6f, 0x41, 0x27, 0x38,
  0x6b, 0x09, 0x12, 0x38, 0x76, 0x14, 0x32, 0x38, 0x08, 0x53, 0x32, 0x38,
  0xb1, 0xcb, 0x38, 0x38, 0x8d, 0xa3, 0x6c, 0x38, 0xa7, 0x54, 0x23, 0x38,
  0x0c, 0x0b, 0x3c, 0x38, 0x0f, 0x00, 0x00, 0x00, 0x61, 0x72, 0x69, 0x74,
  0x68, 0x2e, 0x63, 0x6f, 0x6e, 0x73, 0x74, 0x61, 0x6e, 0x74, 0x32, 0x00,
  0x01, 0x00, 0x00, 0x00, 0x10, 0x00, 0x00, 0x00, 0x92, 0xd5, 0xff, 0xff,
  0x00, 0x00, 0x00, 0x01, 0x14, 0x00, 0x00, 0x00, 0xe8, 0x00, 0x00, 0x00,
  0x1c, 0x00, 0x00, 0x00, 0x00, 0x00, 0x00, 0x09, 0x04, 0x01, 0x00, 0x00,
  0xdc, 0xd4, 0xff, 0xff, 0x08, 0x00, 0x00, 0x00, 0x8c, 0x00, 0x00, 0x00,
  0x10, 0x00, 0x00, 0x00, 0x00, 0x00, 0x00, 0x00, 0x00, 0x00, 0x00, 0x00,
  0x00, 0x00, 0x00, 0x00, 0x00, 0x00, 0x00, 0x00, 0x00, 0x00, 0x00, 0x00,
  0x00, 0x00, 0x00, 0x00, 0x00, 0x00, 0x00, 0x00, 0x00, 0x00, 0x00, 0x00,
  0x00, 0x00, 0x00, 0x00, 0x00, 0x00, 0x00, 0x00, 0x00, 0x00, 0x00, 0x00,
  0x00, 0x00, 0x00, 0x00, 0x00, 0x00, 0x00, 0x00, 0x00, 0x00, 0x00, 0x00,
  0x00, 0x00, 0x00, 0x00, 0x00, 0x00, 0x00, 0x00, 0x00, 0x00, 0x00, 0x00,
  0x00, 0x00, 0x00, 0x00, 0x00, 0x00, 0x00, 0x00, 0x00, 0x00, 0x00, 0x00,
  0x00, 0x00, 0x00, 0x00, 0x00, 0x00, 0x00, 0x00, 0x00, 0x00, 0x00, 0x00,
  0x00, 0x00, 0x00, 0x00, 0x00, 0x00, 0x00, 0x00, 0x00, 0x00, 0x00, 0x00,
  0x00, 0x00, 0x00, 0x00, 0x00, 0x00, 0x00, 0x00, 0x00, 0x00, 0x00, 0x00,
  0x00, 0x00, 0x00, 0x00, 0x00, 0x00, 0x00, 0x00, 0x00, 0x00, 0x00, 0x00,
  0x00, 0x00, 0x00, 0x00, 0x10, 0x00, 0x00, 0x00, 0xed, 0x7f, 0x93, 0x3c,
  0xc9, 0x40, 0xb6, 0x3c, 0x6b, 0xe3, 0x72, 0x3c, 0x90, 0xf3, 0xa5, 0x3c,
  0x73, 0x84, 0x82, 0x3c, 0x35, 0x33, 0x85, 0x3c, 0x78, 0x5f, 0xbc, 0x3c,
  0x38, 0x00, 0xc6, 0x3c, 0x6a, 0x32, 0xa3, 0x3c, 0xcf, 0x9f, 0x91, 0x3c,
  0x31, 0xa1, 0x98, 0x3c, 0x91, 0xf4, 0xed, 0x3c, 0xee, 0x44, 0x8a, 0x3c,
  0xca, 0x10, 0xcb, 0x3c, 0xe2, 0x70, 0xeb, 0x3c, 0x26, 0x9f, 0xad, 0x3c,
  0x23, 0x00, 0x00, 0x00, 0x66, 0x75, 0x6e, 0x63, 0x74, 0x69, 0x6f, 0x6e,
  0x61, 0x6c, 0x5f, 0x31, 0x2f, 0x63, 0x6f, 0x6e, 0x76, 0x32, 0x64, 0x5f,
  0x31, 0x5f, 0x32, 0x2f, 0x63, 0x6f, 0x6e, 0x76, 0x6f, 0x6c, 0x75, 0x74,
  0x69, 0x6f, 0x6e, 0x00, 0x04, 0x00, 0x00, 0x00, 0x10, 0x00, 0x00, 0x00,
  0x01, 0x00, 0x00, 0x00, 0x01, 0x00, 0x00, 0x00, 0x10, 0x00, 0x00, 0x00,
  0xc2, 0xd6, 0xff, 0xff, 0x00, 0x00, 0x00, 0x01, 0x14, 0x00, 0x00, 0x00,
  0xe4, 0x00, 0x00, 0x00, 0x1b, 0x00, 0x00, 0x00, 0x00, 0x00, 0x00, 0x02,
  0x84, 0x01, 0x00, 0x00, 0x0c, 0xd6, 0xff, 0xff, 0x08, 0x00, 0x00, 0x00,
  0x88, 0x00, 0x00, 0x00, 0x10, 0x00, 0x00, 0x00, 0x00, 0x00, 0x00, 0x00,
  0x00, 0x00, 0x00, 0x00, 0x00, 0x00, 0x00, 0x00, 0x00, 0x00, 0x00, 0x00,
  0x00, 0x00, 0x00, 0x00, 0x00, 0x00, 0x00, 0x00, 0x00, 0x00, 0x00, 0x00,
  0x00, 0x00, 0x00, 0x00, 0x00, 0x00, 0x00, 0x00, 0x00, 0x00, 0x00, 0x00,
  0x00, 0x00, 0x00, 0x00, 0x00, 0x00, 0x00, 0x00, 0x00, 0x00, 0x00, 0x00,
  0x00, 0x00, 0x00, 0x00, 0x00, 0x00, 0x00, 0x00, 0x00, 0x00, 0x00, 0x00,
  0x00, 0x00, 0x00, 0x00, 0x00, 0x00, 0x00, 0x00, 0x00, 0x00, 0x00, 0x00,
  0x00, 0x00, 0x00, 0x00, 0x00, 0x00, 0x00, 0x00, 0x00, 0x00, 0x00, 0x00,
  0x00, 0x00, 0x00, 0x00, 0x00, 0x00, 0x00, 0x00, 0x00, 0x00, 0x00, 0x00,
  0x00, 0x00, 0x00, 0x00, 0x00, 0x00, 0x00, 0x00, 0x00, 0x00, 0x00, 0x00,
  0x00, 0x00, 0x00, 0x00, 0x00, 0x00, 0x00, 0x00, 0x00, 0x00, 0x00, 0x00,
  0x00, 0x00, 0x00, 0x00, 0x10, 0x00, 0x00, 0x00, 0xf9, 0xfd, 0xc5, 0x39,
  0x6c, 0xa4, 0xf4, 0x39, 0x65, 0x04, 0xa3, 0x39, 0x9d, 0xc2, 0xde, 0x39,
  0x43, 0x32, 0xaf, 0x39, 0x1d, 0xcc, 0xb2, 0x39, 0x6b, 0xdb, 0xfc, 0x39,
  0xf4, 0xe3, 0x04, 0x3a, 0x14, 0x10, 0xdb, 0x39, 0x81, 0x79, 0xc3, 0x39,
  0xcd, 0xe0, 0xcc, 0x39, 0xd2, 0xb4, 0x1f, 0x3a, 0x13, 0x9a, 0xb9, 0x39,
  0x29, 0x4a, 0x08, 0x3a, 0xce, 0x04, 0x1e, 0x3a, 0x61, 0x0e, 0xe9, 0x39,
  0xa7, 0x00, 0x00, 0x00, 0x66, 0x75, 0x6e, 0x63, 0x74, 0x69, 0x6f, 0x6e,
  0x61, 0x6c, 0x5f, 0x31, 0x2f, 0x72, 0x65, 0x5f, 0x6c, 0x75, 0x5f, 0x31,
  0x5f, 0x32, 0x2f, 0x52, 0x65, 0x6c, 0x75, 0x3b, 0x66, 0x75, 0x6e, 0x63,
  0x74, 0x69, 0x6f, 0x6e, 0x61, 0x6c, 0x5f, 0x31, 0x2f, 0x62, 0x61, 0x74,
  0x63, 0x68, 0x5f, 0x6e, 0x6f, 0x72, 0x6d, 0x61, 0x6c, 0x69, 0x7a, 0x61,
  0x74, 0x69, 0x6f, 0x6e, 0x5f, 0x31, 0x5f, 0x32, 0x2f, 0x62, 0x61, 0x74,
  0x63, 0x68, 0x6e, 0x6f, 0x72, 0x6d, 0x2f, 0x61, 0x64, 0x64, 0x5f, 0x31,
  0x3b, 0x66, 0x75, 0x6e, 0x63, 0x74, 0x69, 0x6f, 0x6e, 0x61, 0x6c, 0x5f,
  0x31, 0x2f, 0x63, 0x6f, 0x6e, 0x76, 0x32, 0x64, 0x5f, 0x31, 0x5f, 0x32,
  0x2f, 0x63, 0x6f, 0x6e, 0x76, 0x6f, 0x6c, 0x75, 0x74, 0x69, 0x6f, 0x6e,
  0x3b, 0x66, 0x75, 0x6e, 0x63, 0x74, 0x69, 0x6f, 0x6e, 0x61, 0x6c, 0x5f,
  0x31, 0x2f, 0x62, 0x61, 0x74, 0x63, 0x68, 0x5f, 0x6e, 0x6f, 0x72, 0x6d,
  0x61, 0x6c, 0x69, 0x7a, 0x61, 0x74, 0x69, 0x6f, 0x6e, 0x5f, 0x31, 0x5f,
  0x32, 0x2f, 0x62, 0x61, 0x74, 0x63, 0x68, 0x6e, 0x6f, 0x72, 0x6d, 0x2f,
  0x73, 0x75, 0x62, 0x00, 0x01, 0x00, 0x00, 0x00, 0x10, 0x00, 0x00, 0x00,
  0x66, 0xd8, 0xff, 0xff, 0x00, 0x00, 0x00, 0x01, 0x14, 0x00, 0x00, 0x00,
  0xec, 0x00, 0x00, 0x00, 0x1a, 0x00, 0x00, 0x00, 0x00, 0x00, 0x00, 0x09,
  0x10, 0x01, 0x00, 0x00, 0x82, 0xe1, 0xff, 0xff, 0x03, 0x00, 0x00, 0x00,
  0x08, 0x00, 0x00, 0x00, 0x8c, 0x00, 0x00, 0x00, 0x10, 0x00, 0x00, 0x00,
  0x00, 0x00, 0x00, 0x00, 0x00, 0x00, 0x00, 0x00, 0x00, 0x00, 0x00, 0x00,
  0x00, 0x00, 0x00, 0x00, 0x00, 0x00, 0x00, 0x00, 0x00, 0x00, 0x00, 0x00,
  0x00, 0x00, 0x00, 0x00, 0x00, 0x00, 0x00, 0x00, 0x00, 0x00, 0x00, 0x00,
  0x00, 0x00, 0x00, 0x00, 0x00, 0x00, 0x00, 0x00, 0x00, 0x00, 0x00, 0x00,
  0x00, 0x00, 0x00, 0x00, 0x00, 0x00, 0x00, 0x00, 0x00, 0x00, 0x00, 0x00,
  0x00, 0x00, 0x00, 0x00, 0x00, 0x00, 0x00, 0x00, 0x00, 0x00, 0x00, 0x00,
  0x00, 0x00, 0x00, 0x00, 0x00, 0x00, 0x00, 0x00, 0x00, 0x00, 0x00, 0x00,
  0x00, 0x00, 0x00, 0x00, 0x00, 0x00, 0x00, 0x00, 0x00, 0x00, 0x00, 0x00,
  0x00, 0x00, 0x00, 0x00, 0x00, 0x00, 0x00, 0x00, 0x00, 0x00, 0x00, 0x00,
  0x00, 0x00, 0x00, 0x00, 0x00, 0x00, 0x00, 0x00, 0x00, 0x00, 0x00, 0x00,
  0x00, 0x00, 0x00, 0x00, 0x00, 0x00, 0x00, 0x00, 0x00, 0x00, 0x00, 0x00,
  0x10, 0x00, 0x00, 0x00, 0x39, 0xdf, 0xc2, 0x3a, 0x6c, 0x2e, 0xb8, 0x3a,
  0x83, 0x71, 0x96, 0x3a, 0x47, 0xed, 0xde, 0x3a, 0x11, 0x8c, 0xb8, 0x3a,
  0x12, 0xc1, 0xa5, 0x3a, 0xe1, 0x0b, 0x21, 0x3b, 0xb9, 0x65, 0x8b, 0x3a,
  0x80, 0x5f, 0xe1, 0x3a, 0x57, 0x28, 0xb2, 0x3a, 0xbe, 0xac, 0xb9, 0x3a,
  0x8a, 0x5e, 0xde, 0x3a, 0x4b, 0x01, 0xb5, 0x3a, 0xf9, 0x72, 0xb1, 0x3a,
  0x0c, 0x4b, 0xda, 0x3a, 0xe7, 0xeb, 0xdc, 0x3a, 0x2b, 0x00, 0x00, 0x00,
  0x66, 0x75, 0x6e, 0x63, 0x74, 0x69, 0x6f, 0x6e, 0x61, 0x6c, 0x5f, 0x31,
  0x2f, 0x64, 0x65, 0x70, 0x74, 0x68, 0x77, 0x69, 0x73, 0x65, 0x5f, 0x63,
  0x6f, 0x6e, 0x76, 0x32, 0x64, 0x5f, 0x31, 0x5f, 0x32, 0x2f, 0x64, 0x65,
  0x70, 0x74, 0x68, 0x77, 0x69, 0x73, 0x65, 0x00, 0x04, 0x00, 0x00, 0x00,
  0x01, 0x00, 0x00, 0x00, 0x03, 0x00, 0x00, 0x00, 0x03, 0x00, 0x00, 0x00,
  0x10, 0x00, 0x00, 0x00, 0xa2, 0xd9, 0xff, 0xff, 0x00, 0x00, 0x00, 0x01,
  0x14, 0x00, 0x00, 0x00, 0xe8, 0x00, 0x00, 0x00, 0x19, 0x00, 0x00, 0x00,
  0x00, 0x00, 0x00, 0x09, 0x04, 0x01, 0x00, 0x00, 0xec, 0xd8, 0xff, 0xff,
  0x08, 0x00, 0x00, 0x00, 0x8c, 0x00, 0x00, 0x00, 0x10, 0x00, 0x00, 0x00,
  0x00, 0x00, 0x00, 0x00, 0x00, 0x00, 0x00, 0x00, 0x00, 0x00, 0x00, 0x00,
  0x00, 0x00, 0x00, 0x00, 0x00, 0x00, 0x00, 0x00, 0x00, 0x00, 0x00, 0x00,
  0x00, 0x00, 0x00, 0x00, 0x00, 0x00, 0x00, 0x00, 0x00, 0x00, 0x00, 0x00,
  0x00, 0x00, 0x00, 0x00, 0x00, 0x00, 0x00, 0x00, 0x00, 0x00, 0x00, 0x00,
  0x00, 0x00, 0x00, 0x00, 0x00, 0x00, 0x00, 0x00, 0x00, 0x00, 0x00, 0x00,
  0x00, 0x00, 0x00, 0x00, 0x00, 0x00, 0x00, 0x00, 0x00, 0x00, 0x00, 0x00,
  0x00, 0x00, 0x00, 0x00, 0x00, 0x00, 0x00, 0x00, 0x00, 0x00, 0x00, 0x00,
  0x00, 0x00, 0x00, 0x00, 0x00, 0x00, 0x00, 0x00, 0x00, 0x00, 0x00, 0x00,
  0x00, 0x00, 0x00, 0x00, 0x00, 0x00, 0x00, 0x00, 0x00, 0x00, 0x00, 0x00,
  0x00, 0x00, 0x00, 0x00, 0x00, 0x00, 0x00, 0x00, 0x00, 0x00, 0x00, 0x00,
  0x00, 0x00, 0x00, 0x00, 0x00, 0x00, 0x00, 0x00, 0x00, 0x00, 0x00, 0x00,
  0x10, 0x00, 0x00, 0x00, 0x32, 0x48, 0x4a, 0x3c, 0x10, 0xa8, 0x5c, 0x3c,
  0x7a, 0x23, 0x64, 0x3c, 0x75, 0xcc, 0x7a, 0x3c, 0x21, 0xd6, 0x60, 0x3c,
  0x7e, 0x93, 0x7c, 0x3c, 0xd7, 0x8c, 0x67, 0x3c, 0xa3, 0x25, 0x1c, 0x3c,
  0x52, 0xbc, 0x5b, 0x3c, 0x9b, 0xd4, 0x77, 0x3c, 0xc4, 0x55, 0x3e, 0x3c,
  0xe7, 0x78, 0x64, 0x3c, 0x27, 0xb6, 0xa4, 0x3c, 0x62, 0x6a, 0x8a, 0x3c,
  0x02, 0x6c, 0x42, 0x3c, 0x53, 0xcb, 0x42, 0x3c, 0x23, 0x00, 0x00, 0x00,
  0x66, 0x75, 0x6e, 0x63, 0x74, 0x69, 0x6f, 0x6e, 0x61, 0x6c, 0x5f, 0x31,
  0x2f, 0x63, 0x6f, 0x6e, 0x76, 0x32, 0x64, 0x5f, 0x32, 0x5f, 0x31, 0x2f,
  0x63, 0x6f, 0x6e, 0x76, 0x6f, 0x6c, 0x75, 0x74, 0x69, 0x6f, 0x6e, 0x00,
  0x04, 0x00, 0x00, 0x00, 0x10, 0x00, 0x00, 0x00, 0x01, 0x00, 0x00, 0x00,
  0x01, 0x00, 0x00, 0x00, 0x10, 0x00, 0x00, 0x00, 0xd2, 0xda, 0xff, 0xff,
  0x00, 0x00, 0x00, 0x01, 0x14, 0x00, 0x00, 0x00, 0xe4, 0x00, 0x00, 0x00,
  0x18, 0x00, 0x00, 0x00, 0x00, 0x00, 0x00, 0x02, 0x68, 0x01, 0x00, 0x00,
  0x1c, 0xda, 0xff, 0xff, 0x08, 0x00, 0x00, 0x00, 0x88, 0x00, 0x00, 0x00,
  0x10, 0x00, 0x00, 0x00, 0x00, 0x00, 0x00, 0x00, 0x00, 0x00, 0x00, 0x00,
  0x00, 0x00, 0x00, 0x00, 0x00, 0x00, 0x00, 0x00, 0x00, 0x00, 0x00, 0x00,
  0x00, 0x00, 0x00, 0x00, 0x00, 0x00, 0x00, 0x00, 0x00, 0x00, 0x00, 0x00,
  0x00, 0x00, 0x00, 0x00, 0x00, 0x00, 0x00, 0x00, 0x00, 0x00, 0x00, 0x00,
  0x00, 0x00, 0x00, 0x00, 0x00, 0x00, 0x00, 0x00, 0x00, 0x00, 0x00, 0x00,
  0x00, 0x00, 0x00, 0x00, 0x00, 0x00, 0x00, 0x00, 0x00, 0x00, 0x00, 0x00,
  0x00, 0x00, 0x00, 0x00, 0x00, 0x00, 0x00, 0x00, 0x00, 0x00, 0x00, 0x00,
  0x00, 0x00, 0x00, 0x00, 0x00, 0x00, 0x00, 0x00, 0x00, 0x00, 0x00, 0x00,
  0x00, 0x00, 0x00, 0x00, 0x00, 0x00, 0x00, 0x00, 0x00, 0x00, 0x00, 0x00,
  0x00, 0x00, 0x00, 0x00, 0x00, 0x00, 0x00, 0x00, 0x00, 0x00, 0x00, 0x00,
  0x00, 0x00, 0x00, 0x00, 0x00, 0x00, 0x00, 0x00, 0x00, 0x00, 0x00, 0x00,
  0x10, 0x00, 0x00, 0x00, 0x88, 0xba, 0xe5, 0x39, 0xa5, 0x98, 0xfa, 0x39,
  0xfa, 0x8b, 0x01, 0x3a, 0x05, 0x6a, 0x0e, 0x3a, 0xe7, 0x57, 0xff, 0x39,
  0x68, 0x6c, 0x0f, 0x3a, 0xe8, 0x7b, 0x03, 0x3a, 0x75, 0x55, 0xb1, 0x39,
  0xea, 0x8c, 0xf9, 0x39, 0x8b, 0xba, 0x0c, 0x3a, 0x1f, 0x29, 0xd8, 0x39,
  0x7c, 0xbc, 0x01, 0x3a, 0x77, 0x0f, 0x3b, 0x3a, 0x4c, 0x32, 0x1d, 0x3a,
  0x52, 0xcd, 0xdc, 0x39, 0x92, 0x39, 0xdd, 0x39, 0x8b, 0x00, 0x00, 0x00,
  0x66, 0x75, 0x6e, 0x63, 0x74, 0x69, 0x6f, 0x6e, 0x61, 0x6c, 0x5f, 0x31,
  0x2f, 0x62, 0x61, 0x74, 0x63, 0x68, 0x5f, 0x6e, 0x6f, 0x72, 0x6d, 0x61,
  0x6c, 0x69, 0x7a, 0x61, 0x74, 0x69, 0x6f, 0x6e, 0x5f, 0x32, 0x5f, 0x31,
  0x2f, 0x62, 0x61, 0x74, 0x63, 0x68, 0x6e, 0x6f, 0x72, 0x6d, 0x2f, 0x61,
  0x64, 0x64, 0x5f, 0x31, 0x3b, 0x66, 0x75, 0x6e, 0x63, 0x74, 0x69, 0x6f,
  0x6e, 0x61, 0x6c, 0x5f, 0x31, 0x2f, 0x63, 0x6f, 0x6e, 0x76, 0x32, 0x64,
  0x5f, 0x32, 0x5f, 0x31, 0x2f, 0x63, 0x6f, 0x6e, 0x76, 0x6f, 0x6c, 0x75,
  0x74, 0x69, 0x6f, 0x6e, 0x3b, 0x66, 0x75, 0x6e, 0x63, 0x74, 0x69, 0x6f,
  0x6e, 0x61, 0x6c, 0x5f, 0x31, 0x2f, 0x62, 0x61, 0x74, 0x63, 0x68, 0x5f,
  0x6e, 0x6f, 0x72, 0x6d, 0x61, 0x6c, 0x69, 0x7a, 0x61, 0x74, 0x69, 0x6f,
  0x6e, 0x5f, 0x32, 0x5f, 0x31, 0x2f, 0x62, 0x61, 0x74, 0x63, 0x68, 0x6e,
  0x6f, 0x72, 0x6d, 0x2f, 0x73, 0x75, 0x62, 0x00, 0x01, 0x00, 0x00, 0x00,
  0x10, 0x00, 0x00, 0x00, 0x5a, 0xdc, 0xff, 0xff, 0x00, 0x00, 0x00, 0x01,
  0x14, 0x00, 0x00, 0x00, 0x48, 0x01, 0x00, 0x00, 0x17, 0x00, 0x00, 0x00,
  0x00, 0x00, 0x00, 0x09, 0x64, 0x01, 0x00, 0x00, 0xa4, 0xdb, 0xff, 0xff,
  0x08, 0x00, 0x00, 0x00, 0xcc, 0x00, 0x00, 0x00, 0x18, 0x00, 0x00, 0x00,
  0x00, 0x00, 0x00, 0x00, 0x00, 0x00, 0x00, 0x00, 0x00, 0x00, 0x00, 0x00,
  0x00, 0x00, 0x00, 0x00, 0x00, 0x00, 0x00, 0x00, 0x00, 0x00, 0x00, 0x00,
  0x00, 0x00, 0x00, 0x00, 0x00, 0x00, 0x00, 0x00, 0x00, 0x00, 0x00, 0x00,
  0x00, 0x00, 0x00, 0x00, 0x00, 0x00, 0x00, 0x00, 0x00, 0x00, 0x00, 0x00,
  0x00, 0x00, 0x00, 0x00, 0x00, 0x00, 0x00, 0x00, 0x00, 0x00, 0x00, 0x00,
  0x00, 0x00, 0x00, 0x00, 0x00, 0x00, 0x00, 0x00, 0x00, 0x00, 0x00, 0x00,
  0x00, 0x00, 0x00, 0x00, 0x00, 0x00, 0x00, 0x00, 0x00, 0x00, 0x00, 0x00,
  0x00, 0x00, 0x00, 0x00, 0x00, 0x00, 0x00, 0x00, 0x00, 0x00, 0x00, 0x00,
  0x00, 0x00, 0x00, 0x00, 0x00, 0x00, 0x00, 0x00, 0x00, 0x00, 0x00, 0x00,
  0x00, 0x00, 0x00, 0x00, 0x00, 0x00, 0x00, 0x00, 0x00, 0x00, 0x00, 0x00,
  0x00, 0x00, 0x00, 0x00, 0x00, 0x00, 0x00, 0x00, 0x00, 0x00, 0x00, 0x00,
  0x00, 0x00, 0x00, 0x00, 0x00, 0x00, 0x00, 0x00, 0x00, 0x00, 0x00, 0x00,
  0x00, 0x00, 0x00, 0x00, 0x00, 0x00, 0x00, 0x00, 0x00, 0x00, 0x00, 0x00,
  0x00, 0x00, 0x00, 0x00, 0x00, 0x00, 0x00, 0x00, 0x00, 0x00, 0x00, 0x00,
  0x00, 0x00, 0x00, 0x00, 0x00, 0x00, 0x00, 0x00, 0x00, 0x00, 0x00, 0x00,
  0x00, 0x00, 0x00, 0x00, 0x00, 0x00, 0x00, 0x00, 0x00, 0x00, 0x00, 0x00,
  0x00, 0x00, 0x00, 0x00, 0x18, 0x00, 0x00, 0x00, 0x3d, 0x64, 0x66, 0x3b,
  0x58, 0x59, 0x6e, 0x3b, 0xb0, 0x8a, 0x66, 0x3b, 0x73, 0x82, 0x8e, 0x3b,
  0x11, 0x74, 0x92, 0x3b, 0x9f, 0xc5, 0xbe, 0x3b, 0x24, 0x62, 0x34, 0x3b,
  0xdf, 0x0d, 0xad, 0x3b, 0xa2, 0x08, 0x5f, 0x3b, 0xe2, 0xe0, 0x81, 0x3b,
  0x50, 0xba, 0x91, 0x3b, 0x7e, 0x99, 0x82, 0x3b, 0x18, 0xcd, 0x5b, 0x3b,
  0x79, 0xa9, 0x65, 0x3b, 0xef, 0xcc, 0xb6, 0x3b, 0x8e, 0x0f, 0x60, 0x3b,
  0xdf, 0x17, 0x85, 0x3b, 0xd5, 0x93, 0x88, 0x3b, 0xe3, 0x88, 0x46, 0x3b,
  0x58, 0x0c, 0x7e, 0x3b, 0x5b, 0xc6, 0x72, 0x3b, 0x01, 0xaf, 0x98, 0x3b,
  0xd6, 0xd1, 0x85, 0x3b, 0xcc, 0x8a, 0x7c, 0x3b, 0x23, 0x00, 0x00, 0x00,
  0x66, 0x75, 0x6e, 0x63, 0x74, 0x69, 0x6f, 0x6e, 0x61, 0x6c, 0x5f, 0x31,
  0x2f, 0x63, 0x6f, 0x6e, 0x76, 0x32, 0x64, 0x5f, 0x35, 0x5f, 0x31, 0x2f,
  0x63, 0x6f, 0x6e, 0x76, 0x6f, 0x6c, 0x75, 0x74, 0x69, 0x6f, 0x6e, 0x00,
  0x04, 0x00, 0x00, 0x00, 0x18, 0x00, 0x00, 0x00, 0x01, 0x00, 0x00, 0x00,
  0x01, 0x00, 0x00, 0x00, 0x10, 0x00, 0x00, 0x00, 0xea, 0xdd, 0xff, 0xff,
  0x00, 0x00, 0x00, 0x01, 0x14, 0x00, 0x00, 0x00, 0x48, 0x01, 0x00, 0x00,
  0x16, 0x00, 0x00, 0x00, 0x00, 0x00, 0x00, 0x02, 0xcc, 0x01, 0x00, 0x00,
  0x34, 0xdd, 0xff, 0xff, 0x08, 0x00, 0x00, 0x00, 0xcc, 0x00, 0x00, 0x00,
  0x18, 0x00, 0x00, 0x00, 0x00, 0x00, 0x00, 0x00, 0x00, 0x00, 0x00, 0x00,
  0x00, 0x00, 0x00, 0x00, 0x00, 0x00, 0x00, 0x00, 0x00, 0x00, 0x00, 0x00,
  0x00, 0x00, 0x00, 0x00, 0x00, 0x00, 0x00, 0x00, 0x00, 0x00, 0x00, 0x00,
  0x00, 0x00, 0x00, 0x00, 0x00, 0x00, 0x00, 0x00, 0x00, 0x00, 0x00, 0x00,
  0x00, 0x00, 0x00, 0x00, 0x00, 0x00, 0x00, 0x00, 0x00, 0x00, 0x00, 0x00,
  0x00, 0x00, 0x00, 0x00, 0x00, 0x00, 0x00, 0x00, 0x00, 0x00, 0x00, 0x00,
  0x00, 0x00, 0x00, 0x00, 0x00, 0x00, 0x00, 0x00, 0x00, 0x00, 0x00, 0x00,
  0x00, 0x00, 0x00, 0x00, 0x00, 0x00, 0x00, 0x00, 0x00, 0x00, 0x00, 0x00,
  0x00, 0x00, 0x00, 0x00, 0x00, 0x00, 0x00, 0x00, 0x00, 0x00, 0x00, 0x00,
  0x00, 0x00, 0x00, 0x00, 0x00, 0x00, 0x00, 0x00, 0x00, 0x00, 0x00, 0x00,
  0x00, 0x00, 0x00, 0x00, 0x00, 0x00, 0x00, 0x00, 0x00, 0x00, 0x00, 0x00,
  0x00, 0x00, 0x00, 0x00, 0x00, 0x00, 0x00, 0x00, 0x00, 0x00, 0x00, 0x00,
  0x00, 0x00, 0x00, 0x00, 0x00, 0x00, 0x00, 0x00, 0x00, 0x00, 0x00, 0x00,
  0x00, 0x00, 0x00, 0x00, 0x00, 0x00, 0x00, 0x00, 0x00, 0x00, 0x00, 0x00,
  0x00, 0x00, 0x00, 0x00, 0x00, 0x00, 0x00, 0x00, 0x00, 0x00, 0x00, 0x00,
  0x00, 0x00, 0x00, 0x00, 0x00, 0x00, 0x00, 0x00, 0x00, 0x00, 0x00, 0x00,
  0x00, 0x00, 0x00, 0x00, 0x00, 0x00, 0x00, 0x00, 0x18, 0x00, 0x00, 0x00,
  0x33, 0x12, 0x2c, 0x39, 0xa4, 0x03, 0x32, 0x39, 0xeb, 0x2e, 0x2c, 0x39,
  0xd6, 0xde, 0x54, 0x39, 0xee, 0xc2, 0x5a, 0x39, 0x0c, 0x7b, 0x8e, 0x39,
  0xc7, 0xb8, 0x06, 0x39, 0x76, 0x3f, 0x81, 0x39, 0x67, 0x93, 0x26, 0x39,
  0xc5, 0x00, 0x42, 0x39, 0x76, 0xad, 0x59, 0x39, 0x86, 0x14, 0x43, 0x39,
  0x58, 0x29, 0x24, 0x39, 0xb6, 0x86, 0x2b, 0x39, 0xef, 0x86, 0x88, 0x39,
  0xc5, 0x57, 0x27, 0x39, 0x17, 0xce, 0x46, 0x39, 0x6f, 0x02, 0x4c, 0x39,
  0x44, 0x47, 0x14, 0x39, 0x49, 0xbd, 0x3d, 0x39, 0xd9, 0x51, 0x35, 0x39,
  0x55, 0x11, 0x64, 0x39, 0xdf, 0xe3, 0x47, 0x39, 0x56, 0x9d, 0x3c, 0x39,
  0x8b, 0x00, 0x00, 0x00, 0x66, 0x75, 0x6e, 0x63, 0x74, 0x69, 0x6f, 0x6e,
  0x61, 0x6c, 0x5f, 0x31, 0x2f, 0x62, 0x61, 0x74, 0x63, 0x68, 0x5f, 0x6e,
  0x6f, 0x72, 0x6d, 0x61, 0x6c, 0x69, 0x7a, 0x61, 0x74, 0x69, 0x6f, 0x6e,
  0x5f, 0x35, 0x5f, 0x31, 0x2f, 0x62, 0x61, 0x74, 0x63, 0x68, 0x6e, 0x6f,
  0x72, 0x6d, 0x2f, 0x61, 0x64, 0x64, 0x5f, 0x31, 0x3b, 0x66, 0x75, 0x6e,
  0x63, 0x74, 0x69, 0x6f, 0x6e, 0x61, 0x6c, 0x5f, 0x31, 0x2f, 0x63, 0x6f,
  0x6e, 0x76, 0x32, 0x64, 0x5f, 0x35, 0x5f, 0x31, 0x2f, 0x63, 0x6f, 0x6e,
  0x76, 0x6f, 0x6c, 0x75, 0x74, 0x69, 0x6f, 0x6e, 0x3b, 0x66, 0x75, 0x6e,
  0x63, 0x74, 0x69, 0x6f, 0x6e, 0x61, 0x6c, 0x5f, 0x31, 0x2f, 0x62, 0x61,
  0x74, 0x63, 0x68, 0x5f, 0x6e, 0x6f, 0x72, 0x6d, 0x61, 0x6c, 0x69, 0x7a,
  0x61, 0x74, 0x69, 0x6f, 0x6e, 0x5f, 0x35, 0x5f, 0x31, 0x2f, 0x62, 0x61,
  0x74, 0x63, 0x68, 0x6e, 0x6f, 0x72, 0x6d, 0x2f, 0x73, 0x75, 0x62, 0x00,
  0x01, 0x00, 0x00, 0x00, 0x18, 0x00, 0x00, 0x00, 0xd6, 0xdf, 0xff, 0xff,
  0x00, 0x00, 0x00, 0x01, 0x14, 0x00, 0x00, 0x00, 0xec, 0x00, 0x00, 0x00,
  0x15, 0x00, 0x00, 0x00, 0x00, 0x00, 0x00, 0x09, 0x10, 0x01, 0x00, 0x00,
  0xf2, 0xe8, 0xff, 0xff, 0x03, 0x00, 0x00, 0x00, 0x08, 0x00, 0x00, 0x00,
  0x8c, 0x00, 0x00, 0x00, 0x10, 0x00, 0x00, 0x00, 0x00, 0x00, 0x00, 0x00,
  0x00, 0x00, 0x00, 0x00, 0x00, 0x00, 0x00, 0x00, 0x00, 0x00, 0x00, 0x00,
  0x00, 0x00, 0x00, 0x00, 0x00, 0x00, 0x00, 0x00, 0x00, 0x00, 0x00, 0x00,
  0x00, 0x00, 0x00, 0x00, 0x00, 0x00, 0x00, 0x00, 0x00, 0x00, 0x00, 0x00,
  0x00, 0x00, 0x00, 0x00, 0x00, 0x00, 0x00, 0x00, 0x00, 0x00, 0x00, 0x00,
  0x00, 0x00, 0x00, 0x00, 0x00, 0x00, 0x00, 0x00, 0x00, 0x00, 0x00, 0x00,
  0x00, 0x00, 0x00, 0x00, 0x00, 0x00, 0x00, 0x00, 0x00, 0x00, 0x00, 0x00,
  0x00, 0x00, 0x00, 0x00, 0x00, 0x00, 0x00, 0x00, 0x00, 0x00, 0x00, 0x00,
  0x00, 0x00, 0x00, 0x00, 0x00, 0x00, 0x00, 0x00, 0x00, 0x00, 0x00, 0x00,
  0x00, 0x00, 0x00, 0x00, 0x00, 0x00, 0x00, 0x00, 0x00, 0x00, 0x00, 0x00,
  0x00, 0x00, 0x00, 0x00, 0x00, 0x00, 0x00, 0x00, 0x00, 0x00, 0x00, 0x00,
  0x00, 0x00, 0x00, 0x00, 0x00, 0x00, 0x00, 0x00, 0x10, 0x00, 0x00, 0x00,
  0xbb, 0xe4, 0xd2, 0x3a, 0x51, 0x10, 0xfb, 0x3a, 0x4c, 0xb7, 0xd2, 0x3a,
  0xd2, 0xa8, 0x03, 0x3b, 0xe2, 0x88, 0xe5, 0x3a, 0x34, 0xd1, 0xea, 0x3a,
  0xc9, 0xec, 0xad, 0x3a, 0x84, 0x58, 0x9c, 0x3a, 0x11, 0xf5, 0xca, 0x3a,
  0xa8, 0x4c, 0xca, 0x3a, 0x60, 0x05, 0xce, 0x3a, 0x2b, 0x5d, 0xd7, 0x3a,
  0x0b, 0x6b, 0xca, 0x3a, 0x1e, 0x5d, 0xdc, 0x3a, 0x17, 0xf8, 0xdb, 0x3a,
  0x13, 0x74, 0xc9, 0x3a, 0x2b, 0x00, 0x00, 0x00, 0x66, 0x75, 0x6e, 0x63,
  0x74, 0x69, 0x6f, 0x6e, 0x61, 0x6c, 0x5f, 0x31, 0x2f, 0x64, 0x65, 0x70,
  0x74, 0x68, 0x77, 0x69, 0x73, 0x65, 0x5f, 0x63, 0x6f, 0x6e, 0x76, 0x32,
  0x64, 0x5f, 0x32, 0x5f, 0x31, 0x2f, 0x64, 0x65, 0x70, 0x74, 0x68, 0x77,
  0x69, 0x73, 0x65, 0x00, 0x04, 0x00, 0x00, 0x00, 0x01, 0x00, 0x00, 0x00,
  0x03, 0x00, 0x00, 0x00, 0x03, 0x00, 0x00, 0x00, 0x10, 0x00, 0x00, 0x00,
  0x12, 0xe1, 0xff, 0xff, 0x00, 0x00, 0x00, 0x01, 0x14, 0x00, 0x00, 0x00,
  0x48, 0x01, 0x00, 0x00, 0x14, 0x00, 0x00, 0x00, 0x00, 0x00, 0x00, 0x09,
  0x64, 0x01, 0x00, 0x00, 0x5c, 0xe0, 0xff, 0xff, 0x08, 0x00, 0x00, 0x00,
  0xcc, 0x00, 0x00, 0x00, 0x18, 0x00, 0x00, 0x00, 0x00, 0x00, 0x00, 0x00,
  0x00, 0x00, 0x00, 0x00, 0x00, 0x00, 0x00, 0x00, 0x00, 0x00, 0x00, 0x00,
  0x00, 0x00, 0x00, 0x00, 0x00, 0x00, 0x00, 0x00, 0x00, 0x00, 0x00, 0x00,
  0x00, 0x00, 0x00, 0x00, 0x00, 0x00, 0x00, 0x00, 0x00, 0x00, 0x00, 0x00,
  0x00, 0x00, 0x00, 0x00, 0x00, 0x00, 0x00, 0x00, 0x00, 0x00, 0x00, 0x00,
  0x00, 0x00, 0x00, 0x00, 0x00, 0x00, 0x00, 0x00, 0x00, 0x00, 0x00, 0x00,
  0x00, 0x00, 0x00, 0x00, 0x00, 0x00, 0x00, 0x00, 0x00, 0x00, 0x00, 0x00,
  0x00, 0x00, 0x00, 0x00, 0x00, 0x00, 0x00, 0x00, 0x00, 0x00, 0x00, 0x00,
  0x00, 0x00, 0x00, 0x00, 0x00, 0x00, 0x00, 0x00, 0x00, 0x00, 0x00, 0x00,
  0x00, 0x00, 0x00, 0x00, 0x00, 0x00, 0x00, 0x00, 0x00, 0x00, 0x00, 0x00,
  0x00, 0x00, 0x00, 0x00, 0x00, 0x00, 0x00, 0x00, 0x00, 0x00, 0x00, 0x00,
  0x00, 0x00, 0x00, 0x00, 0x00, 0x00, 0x00, 0x00, 0x00, 0x00, 0x00, 0x00,
  0x00, 0x00, 0x00, 0x00, 0x00, 0x00, 0x00, 0x00, 0x00, 0x00, 0x00, 0x00,
  0x00, 0x00, 0x00, 0x00, 0x00, 0x00, 0x00, 0x00, 0x00, 0x00, 0x00, 0x00,
  0x00, 0x00, 0x00, 0x00, 0x00, 0x00, 0x00, 0x00, 0x00, 0x00, 0x00, 0x00,
  0x00, 0x00, 0x00, 0x00, 0x00, 0x00, 0x00, 0x00, 0x00, 0x00, 0x00, 0x00,
  0x00, 0x00, 0x00, 0x00, 0x00, 0x00, 0x00, 0x00, 0x00, 0x00, 0x00, 0x00,
  0x18, 0x00, 0x00, 0x00, 0x3b, 0x7b, 0x7d, 0x3c, 0xa9, 0xac, 0x40, 0x3c,
  0xdc, 0x39, 0x43, 0x3c, 0xa2, 0xc5, 0x20, 0x3c, 0x3a, 0x79, 0x32, 0x3c,
  0x91, 0x1a, 0x92, 0x3c, 0xaa, 0x91, 0x50, 0x3c, 0x02, 0x27, 0x43, 0x3c,
  0x26, 0xf6, 0x1f, 0x3c, 0xbd, 0xc6, 0x4f, 0x3c, 0xf2, 0xb1, 0x18, 0x3c,
  0x04, 0x92, 0x2c, 0x3c, 0x1a, 0x97, 0x70, 0x3c, 0x0b, 0x9f, 0x36, 0x3c,
  0xd1, 0x3d, 0x4a, 0x3c, 0x52, 0x01, 0x1b, 0x3c, 0x9a, 0x1a, 0x21, 0x3c,
  0xd6, 0x62, 0x53, 0x3c, 0x94, 0xac, 0x9a, 0x3c, 0x1f, 0x6a, 0x85, 0x3c,
  0x47, 0x82, 0x3d, 0x3c, 0xff, 0x36, 0xea, 0x3b, 0x19, 0x5c, 0xba, 0x3c,
  0xee, 0x68, 0x39, 0x3c, 0x23, 0x00, 0x00, 0x00, 0x66, 0x75, 0x6e, 0x63,
  0x74, 0x69, 0x6f, 0x6e, 0x61, 0x6c, 0x5f, 0x31, 0x2f, 0x63, 0x6f, 0x6e,
  0x76, 0x32, 0x64, 0x5f, 0x33, 0x5f, 0x31, 0x2f, 0x63, 0x6f, 0x6e, 0x76,
  0x6f, 0x6c, 0x75, 0x74, 0x69, 0x6f, 0x6e, 0x00, 0x04, 0x00, 0x00, 0x00,
  0x18, 0x00, 0x00, 0x00, 0x01, 0x00, 0x00, 0x00, 0x01, 0x00, 0x00, 0x00,
  0x10, 0x00, 0x00, 0x00, 0xa2, 0xe2, 0xff, 0xff, 0x00, 0x00, 0x00, 0x01,
  0x14, 0x00, 0x00, 0x00, 0x44, 0x01, 0x00, 0x00, 0x13, 0x00, 0x00, 0x00,
  0x00, 0x00, 0x00, 0x02, 0xe4, 0x01, 0x00, 0x00, 0xec, 0xe1, 0xff, 0xff,
  0x08, 0x00, 0x00, 0x00, 0xc8, 0x00, 0x00, 0x00, 0x18, 0x00, 0x00, 0x00,
  0x00, 0x00, 0x00, 0x00, 0x00, 0x00, 0x00, 0x00, 0x00, 0x00, 0x00, 0x00,
  0x00, 0x00, 0x00, 0x00, 0x00, 0x00, 0x00, 0x00, 0x00, 0x00, 0x00, 0x00,
  0x00, 0x00, 0x00, 0x00, 0x00, 0x00, 0x00, 0x00, 0x00, 0x00, 0x00, 0x00,
  0x00, 0x00, 0x00, 0x00, 0x00, 0x00, 0x00, 0x00, 0x00, 0x00, 0x00, 0x00,
  0x00, 0x00, 0x00, 0x00, 0x00, 0x00, 0x00, 0x00, 0x00, 0x00, 0x00, 0x00,
  0x00, 0x00, 0x00, 0x00, 0x00, 0x00, 0x00, 0x00, 0x00, 0x00, 0x00, 0x00,
  0x00, 0x00, 0x00, 0x00, 0x00, 0x00, 0x00, 0x00, 0x00, 0x00, 0x00, 0x00,
  0x00, 0x00, 0x00, 0x00, 0x00, 0x00, 0x00, 0x00, 0x00, 0x00, 0x00, 0x00,
  0x00, 0x00, 0x00, 0x00, 0x00, 0x00, 0x00, 0x00, 0x00, 0x00, 0x00, 0x00,
  0x00, 0x00, 0x00, 0x00, 0x00, 0x00, 0x00, 0x00, 0x00, 0x00, 0x00, 0x00,
  0x00, 0x00, 0x00, 0x00, 0x00, 0x00, 0x00, 0x00, 0x00, 0x00, 0x00, 0x00,
  0x00, 0x00, 0x00, 0x00, 0x00, 0x00, 0x00, 0x00, 0x00, 0x00, 0x00, 0x00,
  0x00, 0x00, 0x00, 0x00, 0x00, 0x00, 0x00, 0x00, 0x00, 0x00, 0x00, 0x00,
  0x00, 0x00, 0x00, 0x00, 0x00, 0x00, 0x00, 0x00, 0x00, 0x00, 0x00, 0x00,
  0x00, 0x00, 0x00, 0x00, 0x00, 0x00, 0x00, 0x00, 0x00, 0x00, 0x00, 0x00,
  0x00, 0x00, 0x00, 0x00, 0x00, 0x00, 0x00, 0x00, 0x00, 0x00, 0x00, 0x00,
  0x18, 0x00, 0x00, 0x00, 0xb8, 0x48, 0xe1, 0x39, 0xc7, 0x3d, 0xab, 0x39,
  0x51, 0x82, 0xad, 0x39, 0x40, 0xe3, 0x8e, 0x39, 0xc0, 0x9e, 0x9e, 0x39,
  0xe6, 0xd9, 0x01, 0x3a, 0x25, 0x5e, 0xb9, 0x39, 0x8f, 0x71, 0xad, 0x39,
  0xd9, 0x2a, 0x8e, 0x39, 0xcb, 0xa9, 0xb8, 0x39, 0x93, 0xb5, 0x87, 0x39,
  0xa6, 0x5f, 0x99, 0x39, 0xb3, 0xd3, 0xd5, 0x39, 0x73, 0x4e, 0xa2, 0x39,
  0x7d, 0xbe, 0xb3, 0x39, 0x2a, 0xc3, 0x89, 0x39, 0xc5, 0x2e, 0x8f, 0x39,
  0x18, 0xdf, 0xbb, 0x39, 0xd9, 0x77, 0x09, 0x3a, 0xa0, 0x25, 0xed, 0x39,
  0x8b, 0x6d, 0xa8, 0x39, 0x26, 0x29, 0x50, 0x39, 0x0b, 0xa1, 0x25, 0x3a,
  0xed, 0xc8, 0xa4, 0x39, 0xa7, 0x00, 0x00, 0x00, 0x66, 0x75, 0x6e, 0x63,
  0x74, 0x69, 0x6f, 0x6e, 0x61, 0x6c, 0x5f, 0x31, 0x2f, 0x72, 0x65, 0x5f,
  0x6c, 0x75, 0x5f, 0x33, 0x5f, 0x31, 0x2f, 0x52, 0x65, 0x6c, 0x75, 0x3b,
  0x66, 0x75, 0x6e, 0x63, 0x74, 0x69, 0x6f, 0x6e, 0x61, 0x6c, 0x5f, 0x31,
  0x2f, 0x62, 0x61, 0x74, 0x63, 0x68, 0x5f, 0x6e, 0x6f, 0x72, 0x6d, 0x61,
  0x6c, 0x69, 0x7a, 0x61, 0x74, 0x69, 0x6f, 0x6e, 0x5f, 0x33, 0x5f, 0x31,
  0x2f, 0x62, 0x61, 0x74, 0x63, 0x68, 0x6e, 0x6f, 0x72, 0x6d, 0x2f, 0x61,
  0x64, 0x64, 0x5f, 0x31, 0x3b, 0x66, 0x75, 0x6e, 0x63, 0x74, 0x69, 0x6f,
  0x6e, 0x61, 0x6c, 0x5f, 0x31, 0x2f, 0x63, 0x6f, 0x6e, 0x76, 0x32, 0x64,
  0x5f, 0x33, 0x5f, 0x31, 0x2f, 0x63, 0x6f, 0x6e, 0x76, 0x6f, 0x6c, 0x75,
  0x74, 0x69, 0x6f, 0x6e, 0x3b, 0x66, 0x75, 0x6e, 0x63, 0x74, 0x69, 0x6f,
  0x6e, 0x61, 0x6c, 0x5f, 0x31, 0x2f, 0x62, 0x61, 0x74, 0x63, 0x68, 0x5f,
  0x6e, 0x6f, 0x72, 0x6d, 0x61, 0x6c, 0x69, 0x7a, 0x61, 0x74, 0x69, 0x6f,
  0x6e, 0x5f, 0x33, 0x5f, 0x31, 0x2f, 0x62, 0x61, 0x74, 0x63, 0x68, 0x6e,
  0x6f, 0x72, 0x6d, 0x2f, 0x73, 0x75, 0x62, 0x00, 0x01, 0x00, 0x00, 0x00,
  0x18, 0x00, 0x00, 0x00, 0xa6, 0xe4, 0xff, 0xff, 0x00, 0x00, 0x00, 0x01,
  0x14, 0x00, 0x00, 0x00, 0x4c, 0x01, 0x00, 0x00, 0x12, 0x00, 0x00, 0x00,
  0x00, 0x00, 0x00, 0x09, 0x70, 0x01, 0x00, 0x00, 0xc2, 0xed, 0xff, 0xff,
  0x03, 0x00, 0x00, 0x00, 0x08, 0x00, 0x00, 0x00, 0xcc, 0x00, 0x00, 0x00,
  0x18, 0x00, 0x00, 0x00, 0x00, 0x00, 0x00, 0x00, 0x00, 0x00, 0x00, 0x00,
  0x00, 0x00, 0x00, 0x00, 0x00, 0x00, 0x00, 0x00, 0x00, 0x00, 0x00, 0x00,
  0x00, 0x00, 0x00, 0x00, 0x00, 0x00, 0x00, 0x00, 0x00, 0x00, 0x00, 0x00,
  0x00, 0x00, 0x00, 0x00, 0x00, 0x00, 0x00, 0x00, 0x00, 0x00, 0x00, 0x00,
  0x00, 0x00, 0x00, 0x00, 0x00, 0x00, 0x00, 0x00, 0x00, 0x00, 0x00, 0x00,
  0x00, 0x00, 0x00, 0x00, 0x00, 0x00, 0x00, 0x00, 0x00, 0x00, 0x00, 0x00,
  0x00, 0x00, 0x00, 0x00, 0x00, 0x00, 0x00, 0x00, 0x00, 0x00, 0x00, 0x00,
  0x00, 0x00, 0x00, 0x00, 0x00, 0x00, 0x00, 0x00, 0x00, 0x00, 0x00, 0x00,
  0x00, 0x00, 0x00, 0x00, 0x00, 0x00, 0x00, 0x00, 0x00, 0x00, 0x00, 0x00,
  0x00, 0x00, 0x00, 0x00, 0x00, 0x00, 0x00, 0x00, 0x00, 0x00, 0x00, 0x00,
  0x00, 0x00, 0x00, 0x00, 0x00, 0x00, 0x00, 0x00, 0x00, 0x00, 0x00, 0x00,
  0x00, 0x00, 0x00, 0x00, 0x00, 0x00, 0x00, 0x00, 0x00, 0x00, 0x00, 0x00,
  0x00, 0x00, 0x00, 0x00, 0x00, 0x00, 0x00, 0x00, 0x00, 0x00, 0x00, 0x00,
  0x00, 0x00, 0x00, 0x00, 0x00, 0x00, 0x00, 0x00, 0x00, 0x00, 0x00, 0x00,
  0x00, 0x00, 0x00, 0x00, 0x00, 0x00, 0x00, 0x00, 0x00, 0x00, 0x00, 0x00,
  0x00, 0x00, 0x00, 0x00, 0x00, 0x00, 0x00, 0x00, 0x00, 0x00, 0x00, 0x00,
  0x00, 0x00, 0x00, 0x00, 0x00, 0x00, 0x00, 0x00, 0x18, 0x00, 0x00, 0x00,
  0xf2, 0xe2, 0xee, 0x3a, 0x6a, 0xd7, 0xc9, 0x3a, 0xcd, 0x1e, 0xb4, 0x3a,
  0x77, 0xab, 0xb1, 0x3a, 0x69, 0xff, 0x69, 0x3a, 0x07, 0xb9, 0xd1, 0x3a,
  0x41, 0xfc, 0xc3, 0x3a, 0x74, 0x35, 0x9a, 0x3a, 0x71, 0x4b, 0xc0, 0x3a,
  0x34, 0xfa, 0x9b, 0x3a, 0xd7, 0x19, 0xba, 0x3a, 0x67, 0x53, 0xb0, 0x3a,
  0x9c, 0xc8, 0xbc, 0x3a, 0x4f, 0xae, 0x7e, 0x3a, 0x0e, 0xce, 0xda, 0x3a,
  0x5f, 0x97, 0xdc, 0x3a, 0x3c, 0xd1, 0xc2, 0x3a, 0xcb, 0xe7, 0xa4, 0x3a,
  0x54, 0x71, 0xa3, 0x3a, 0xd4, 0xaa, 0x96, 0x3a, 0x5e, 0x18, 0xb0, 0x3a,
  0xff, 0x57, 0x5e, 0x3a, 0x29, 0x11, 0xe0, 0x3a, 0xb4, 0x56, 0xba, 0x3a,
  0x2b, 0x00, 0x00, 0x00, 0x66, 0x75, 0x6e, 0x63, 0x74, 0x69, 0x6f, 0x6e,
  0x61, 0x6c, 0x5f, 0x31, 0x2f, 0x64, 0x65, 0x70, 0x74, 0x68, 0x77, 0x69,
  0x73, 0x65, 0x5f, 0x63, 0x6f, 0x6e, 0x76, 0x32, 0x64, 0x5f, 0x33, 0x5f,
  0x31, 0x2f, 0x64, 0x65, 0x70, 0x74, 0x68, 0x77, 0x69, 0x73, 0x65, 0x00,
  0x04, 0x00, 0x00, 0x00, 0x01, 0x00, 0x00, 0x00, 0x03, 0x00, 0x00, 0x00,
  0x03, 0x00, 0x00, 0x00, 0x18, 0x00, 0x00, 0x00, 0x42, 0xe6, 0xff, 0xff,
  0x00, 0x00, 0x00, 0x01, 0x14, 0x00, 0x00, 0x00, 0x44, 0x01, 0x00, 0x00,
  0x10, 0x00, 0x00, 0x00, 0x00, 0x00, 0x00, 0x02, 0x50, 0x01, 0x00, 0x00,
  0x8c, 0xe5, 0xff, 0xff, 0x08, 0x00, 0x00, 0x00, 0xc8, 0x00, 0x00, 0x00,
  0x18, 0x00, 0x00, 0x00, 0x00, 0x00, 0x00, 0x00, 0x00, 0x00, 0x00, 0x00,
  0x00, 0x00, 0x00, 0x00, 0x00, 0x00, 0x00, 0x00, 0x00, 0x00, 0x00, 0x00,
  0x00, 0x00, 0x00, 0x00, 0x00, 0x00, 0x00, 0x00, 0x00, 0x00, 0x00, 0x00,
  0x00, 0x00, 0x00, 0x00, 0x00, 0x00, 0x00, 0x00, 0x00, 0x00, 0x00, 0x00,
  0x00, 0x00, 0x00, 0x00, 0x00, 0x00, 0x00, 0x00, 0x00, 0x00, 0x00, 0x00,
  0x00, 0x00, 0x00, 0x00, 0x00, 0x00, 0x00, 0x00, 0x00, 0x00, 0x00, 0x00,
  0x00, 0x00, 0x00, 0x00, 0x00, 0x00, 0x00, 0x00, 0x00, 0x00, 0x00, 0x00,
  0x00, 0x00, 0x00, 0x00, 0x00, 0x00, 0x00, 0x00, 0x00, 0x00, 0x00, 0x00,
  0x00, 0x00, 0x00, 0x00, 0x00, 0x00, 0x00, 0x00, 0x00, 0x00, 0x00, 0x00,
  0x00, 0x00, 0x00, 0x00, 0x00, 0x00, 0x00, 0x00, 0x00, 0x00, 0x00, 0x00,
  0x00, 0x00, 0x00, 0x00, 0x00, 0x00, 0x00, 0x00, 0x00, 0x00, 0x00, 0x00,
  0x00, 0x00, 0x00, 0x00, 0x00, 0x00, 0x00, 0x00, 0x00, 0x00, 0x00, 0x00,
  0x00, 0x00, 0x00, 0x00, 0x00, 0x00, 0x00, 0x00, 0x00, 0x00, 0x00, 0x00,
  0x00, 0x00, 0x00, 0x00, 0x00, 0x00, 0x00, 0x00, 0x00, 0x00, 0x00, 0x00,
  0x00, 0x00, 0x00, 0x00, 0x00, 0x00, 0x00, 0x00, 0x00, 0x00, 0x00, 0x00,
  0x00, 0x00, 0x00, 0x00, 0x00, 0x00, 0x00, 0x00, 0x00, 0x00, 0x00, 0x00,
  0x00, 0x00, 0x00, 0x00, 0x18, 0x00, 0x00, 0x00, 0x33, 0x9b, 0x5f, 0x38,
  0x5d, 0x19, 0x7f, 0x38, 0x9d, 0xcd, 0x7b, 0x38, 0xdf, 0xfb, 0xa1, 0x38,
  0x16, 0x48, 0x7d, 0x38, 0x51, 0x16, 0x85, 0x38, 0x37, 0x6c, 0x43, 0x38,
  0x21, 0xcd, 0x5e, 0x38, 0xdf, 0x85, 0x87, 0x38, 0xf5, 0x4a, 0xaa, 0x38,
  0x00, 0xe4, 0x3f, 0x38, 0x40, 0xa0, 0x38, 0x38, 0x4c, 0xea, 0x4c, 0x38,
  0x08, 0xde, 0x82, 0x38, 0x9e, 0xe3, 0x8f, 0x38, 0xc7, 0x4b, 0x7f, 0x38,
  0x97, 0xa5, 0x64, 0x38, 0xa2, 0x82, 0x3b, 0x38, 0x38, 0x8c, 0x4e, 0x38,
  0x9f, 0x8b, 0x13, 0x38, 0x1f, 0x39, 0x4d, 0x38, 0xcb, 0xbf, 0x22, 0x38,
  0x55, 0xed, 0x69, 0x38, 0x5e, 0x43, 0xf8, 0x37, 0x10, 0x00, 0x00, 0x00,
  0x61, 0x72, 0x69, 0x74, 0x68, 0x2e, 0x63, 0x6f, 0x6e, 0x73, 0x74, 0x61,
  0x6e, 0x74, 0x31, 0x31, 0x00, 0x00, 0x00, 0x00, 0x01, 0x00, 0x00, 0x00,
  0x18, 0x00, 0x00, 0x00, 0xb2, 0xe7, 0xff, 0xff, 0x00, 0x00, 0x00, 0x01,
  0x14, 0x00, 0x00, 0x00, 0x48, 0x01, 0x00, 0x00, 0x10, 0x00, 0x00, 0x00,
  0x00, 0x00, 0x00, 0x02, 0x50, 0x01, 0x00, 0x00, 0xfc, 0xe6, 0xff, 0xff,
  0x08, 0x00, 0x00, 0x00, 0xcc, 0x00, 0x00, 0x00, 0x18, 0x00, 0x00, 0x00,
  0x00, 0x00, 0x00, 0x00, 0x00, 0x00, 0x00, 0x00, 0x00, 0x00, 0x00, 0x00,
  0x00, 0x00, 0x00, 0x00, 0x00, 0x00, 0x00, 0x00, 0x00, 0x00, 0x00, 0x00,
  0x00, 0x00, 0x00, 0x00, 0x00, 0x00, 0x00, 0x00, 0x00, 0x00, 0x00, 0x00,
  0x00, 0x00, 0x00, 0x00, 0x00, 0x00, 0x00, 0x00, 0x00, 0x00, 0x00, 0x00,
  0x00, 0x00, 0x00, 0x00, 0x00, 0x00, 0x00, 0x00, 0x00, 0x00, 0x00, 0x00,
  0x00, 0x00, 0x00, 0x00, 0x00, 0x00, 0x00, 0x00, 0x00, 0x00, 0x00, 0x00,
  0x00, 0x00, 0x00, 0x00, 0x00, 0x00, 0x00, 0x00, 0x00, 0x00, 0x00, 0x00,
  0x00, 0x00, 0x00, 0x00, 0x00, 0x00, 0x00, 0x00, 0x00, 0x00, 0x00, 0x00,
  0x00, 0x00, 0x00, 0x00, 0x00, 0x00, 0x00, 0x00, 0x00, 0x00, 0x00, 0x00,
  0x00, 0x00, 0x00, 0x00, 0x00, 0x00, 0x00, 0x00, 0x00, 0x00, 0x00, 0x00,
  0x00, 0x00, 0x00, 0x00, 0x00, 0x00, 0x00, 0x00, 0x00, 0x00, 0x00, 0x00,
  0x00, 0x00, 0x00, 0x00, 0x00, 0x00, 0x00, 0x00, 0x00, 0x00, 0x00, 0x00,
  0x00, 0x00, 0x00, 0x00, 0x00, 0x00, 0x00, 0x00, 0x00, 0x00, 0x00, 0x00,
  0x00, 0x00, 0x00, 0x00, 0x00, 0x00, 0x00, 0x00, 0x00, 0x00, 0x00, 0x00,
  0x00, 0x00, 0x00, 0x00, 0x00, 0x00, 0x00, 0x00, 0x00, 0x00, 0x00, 0x00,
  0x00, 0x00, 0x00, 0x00, 0x00, 0x00, 0x00, 0x00, 0x00, 0x00, 0x00, 0x00,
  0x00, 0x00, 0x00, 0x00, 0x18, 0x00, 0x00, 0x00, 0x1c, 0x75, 0x89, 0x38,
  0x66, 0x48, 0x68, 0x38, 0x25, 0x49, 0x4f, 0x38, 0x32, 0x77, 0x4c, 0x38,
  0xf7, 0xa4, 0x06, 0x38, 0x4e, 0x5a, 0x71, 0x38, 0x23, 0x8b, 0x61, 0x38,
  0x5e, 0x77, 0x31, 0x38, 0xd5, 0x4b, 0x5d, 0x38, 0x67, 0x80, 0x33, 0x38,
  0x18, 0x2b, 0x56, 0x38, 0x3e, 0xeb, 0x4a, 0x38, 0x70, 0x41, 0x59, 0x38,
  0xb2, 0x8b, 0x12, 0x38, 0xfd, 0xcd, 0x7b, 0x38, 0x47, 0xdc, 0x7d, 0x38,
  0x05, 0x33, 0x60, 0x38, 0xb3, 0xc6, 0x3d, 0x38, 0xc2, 0x17, 0x3c, 0x38,
  0x02, 0x64, 0x2d, 0x38, 0x4e, 0xa7, 0x4a, 0x38, 0x90, 0xe0, 0xff, 0x37,
  0x22, 0xee, 0x80, 0x38, 0x22, 0x71, 0x56, 0x38, 0x0f, 0x00, 0x00, 0x00,
  0x61, 0x72, 0x69, 0x74, 0x68, 0x2e, 0x63, 0x6f, 0x6e, 0x73, 0x74, 0x61,
  0x6e, 0x74, 0x31, 0x00, 0x01, 0x00, 0x00, 0x00, 0x18, 0x00, 0x00, 0x00,
  0x22, 0xe9, 0xff, 0xff, 0x00, 0x00, 0x00, 0x01, 0x14, 0x00, 0x00, 0x00,
  0x48, 0x01, 0x00, 0x00, 0x0f, 0x00, 0x00, 0x00, 0x00, 0x00, 0x00, 0x09,
  0x64, 0x01, 0x00, 0x00, 0x6c, 0xe8, 0xff, 0xff, 0x08, 0x00, 0x00, 0x00,
  0xcc, 0x00, 0x00, 0x00, 0x18, 0x00, 0x00, 0x00, 0x00, 0x00, 0x00, 0x00,
  0x00, 0x00, 0x00, 0x00, 0x00, 0x00, 0x00, 0x00, 0x00, 0x00, 0x00, 0x00,
  0x00, 0x00, 0x00, 0x00, 0x00, 0x00, 0x00, 0x00, 0x00, 0x00, 0x00, 0x00,
  0x00, 0x00, 0x00, 0x00, 0x00, 0x00, 0x00, 0x00, 0x00, 0x00, 0x00, 0x00,
  0x00, 0x00, 0x00, 0x00, 0x00, 0x00, 0x00, 0x00, 0x00, 0x00, 0x00, 0x00,
  0x00, 0x00, 0x00, 0x00, 0x00, 0x00, 0x00, 0x00, 0x00, 0x00, 0x00, 0x00,
  0x00, 0x00, 0x00, 0x00, 0x00, 0x00, 0x00, 0x00, 0x00, 0x00, 0x00, 0x00,
  0x00, 0x00, 0x00, 0x00, 0x00, 0x00, 0x00, 0x00, 0x00, 0x00, 0x00, 0x00,
  0x00, 0x00, 0x00, 0x00, 0x00, 0x00, 0x00, 0x00, 0x00, 0x00, 0x00, 0x00,
  0x00, 0x00, 0x00, 0x00, 0x00, 0x00, 0x00, 0x00, 0x00, 0x00, 0x00, 0x00,
  0x00, 0x00, 0x00, 0x00, 0x00, 0x00, 0x00, 0x00, 0x00, 0x00, 0x00, 0x00,
  0x00, 0x00, 0x00, 0x00, 0x00, 0x00, 0x00, 0x00, 0x00, 0x00, 0x00, 0x00,
  0x00, 0x00, 0x00, 0x00, 0x00, 0x00, 0x00, 0x00, 0x00, 0x00, 0x00, 0x00,
  0x00, 0x00, 0x00, 0x00, 0x00, 0x00, 0x00, 0x00, 0x00, 0x00, 0x00, 0x00,
  0x00, 0x00, 0x00, 0x00, 0x00, 0x00, 0x00, 0x00, 0x00, 0x00, 0x00, 0x00,
  0x00, 0x00, 0x00, 0x00, 0x00, 0x00, 0x00, 0x00, 0x00, 0x00, 0x00, 0x00,
  0x00, 0x00, 0x00, 0x00, 0x00, 0x00, 0x00, 0x00, 0x00, 0x00, 0x00, 0x00,
  0x18, 0x00, 0x00, 0x00, 0xed, 0x4d, 0x98, 0x3c, 0x57, 0x75, 0x6a, 0x3c,
  0xb6, 0x25, 0x9c, 0x3c, 0x51, 0x27, 0xa5, 0x3c, 0x69, 0xa2, 0xdb, 0x3c,
  0x68, 0xba, 0x17, 0x3c, 0x41, 0xdb, 0x7e, 0x3c, 0x04, 0xb8, 0x9c, 0x3c,
  0x74, 0x52, 0xa1, 0x3c, 0xa5, 0x44, 0x92, 0x3c, 0x74, 0x17, 0xa8, 0x3c,
  0xd4, 0x54, 0x74, 0x3c, 0xc3, 0x5e, 0x84, 0x3c, 0xc6, 0x67, 0x6e, 0x3c,
  0xf3, 0x09, 0x60, 0x3c, 0xc6, 0xc9, 0xbc, 0x3c, 0xbb, 0x6a, 0x53, 0x3c,
  0xf6, 0xe0, 0xa8, 0x3c, 0x77, 0x41, 0x90, 0x3c, 0x26, 0x9a, 0x8e, 0x3c,
  0x2e, 0x5a, 0x86, 0x3c, 0xef, 0x75, 0xa3, 0x3c, 0x80, 0x8f, 0x45, 0x3c,
  0x98, 0x42, 0x79, 0x3c, 0x23, 0x00, 0x00, 0x00, 0x66, 0x75, 0x6e, 0x63,
  0x74, 0x69, 0x6f, 0x6e, 0x61, 0x6c, 0x5f, 0x31, 0x2f, 0x63, 0x6f, 0x6e,
  0x76, 0x32, 0x64, 0x5f, 0x34, 0x5f, 0x31, 0x2f, 0x63, 0x6f, 0x6e, 0x76,
  0x6f, 0x6c, 0x75, 0x74, 0x69, 0x6f, 0x6e, 0x00, 0x04, 0x00, 0x00, 0x00,
  0x18, 0x00, 0x00, 0x00, 0x01, 0x00, 0x00, 0x00, 0x01, 0x00, 0x00, 0x00,
  0x18, 0x00, 0x00, 0x00, 0xb2, 0xea, 0xff, 0xff, 0x00, 0x00, 0x00, 0x01,
  0x14, 0x00, 0x00, 0x00, 0x44, 0x01, 0x00, 0x00, 0x0e, 0x00, 0x00, 0x00,
  0x00, 0x00, 0x00, 0x02, 0xc8, 0x01, 0x00, 0x00, 0xfc, 0xe9, 0xff, 0xff,
  0x08, 0x00, 0x00, 0x00, 0xc8, 0x00, 0x00, 0x00, 0x18, 0x00, 0x00, 0x00,
  0x00, 0x00, 0x00, 0x00, 0x00, 0x00, 0x00, 0x00, 0x00, 0x00, 0x00, 0x00,
  0x00, 0x00, 0x00, 0x00, 0x00, 0x00, 0x00, 0x00, 0x00, 0x00, 0x00, 0x00,
  0x00, 0x00, 0x00, 0x00, 0x00, 0x00, 0x00, 0x00, 0x00, 0x00, 0x00, 0x00,
  0x00, 0x00, 0x00, 0x00, 0x00, 0x00, 0x00, 0x00, 0x00, 0x00, 0x00, 0x00,
  0x00, 0x00, 0x00, 0x00, 0x00, 0x00, 0x00, 0x00, 0x00, 0x00, 0x00, 0x00,
  0x00, 0x00, 0x00, 0x00, 0x00, 0x00, 0x00, 0x00, 0x00, 0x00, 0x00, 0x00,
  0x00, 0x00, 0x00, 0x00, 0x00, 0x00, 0x00, 0x00, 0x00, 0x00, 0x00, 0x00,
  0x00, 0x00, 0x00, 0x00, 0x00, 0x00, 0x00, 0x00, 0x00, 0x00, 0x00, 0x00,
  0x00, 0x00, 0x00, 0x00, 0x00, 0x00, 0x00, 0x00, 0x00, 0x00, 0x00, 0x00,
  0x00, 0x00, 0x00, 0x00, 0x00, 0x00, 0x00, 0x00, 0x00, 0x00, 0x00, 0x00,
  0x00, 0x00, 0x00, 0x00, 0x00, 0x00, 0x00, 0x00, 0x00, 0x00, 0x00, 0x00,
  0x00, 0x00, 0x00, 0x00, 0x00, 0x00, 0x00, 0x00, 0x00, 0x00, 0x00, 0x00,
  0x00, 0x00, 0x00, 0x00, 0x00, 0x00, 0x00, 0x00, 0x00, 0x00, 0x00, 0x00,
  0x00, 0x00, 0x00, 0x00, 0x00, 0x00, 0x00, 0x00, 0x00, 0x00, 0x00, 0x00,
  0x00, 0x00, 0x00, 0x00, 0x00, 0x00, 0x00, 0x00, 0x00, 0x00, 0x00, 0x00,
  0x00, 0x00, 0x00, 0x00, 0x00, 0x00, 0x00, 0x00, 0x00, 0x00, 0x00, 0x00,
  0x18, 0x00, 0x00, 0x00, 0x56, 0xde, 0xff, 0x39, 0x5b, 0xf1, 0xc4, 0x39,
  0x8a, 0x29, 0x03, 0x3a, 0x39, 0xba, 0x0a, 0x3a, 0xa6, 0x7d, 0x38, 0x3a,
  0x81, 0xe6, 0x7e, 0x39, 0xb7, 0x13, 0xd6, 0x39, 0x6f, 0xa4, 0x03, 0x3a,
  0x4f, 0x82, 0x07, 0x3a, 0x4b, 0xba, 0xf5, 0x39, 0x03, 0x32, 0x0d, 0x3a,
  0x6c, 0x3c, 0xcd, 0x39, 0x1e, 0x61, 0xde, 0x39, 0x1c, 0x42, 0xc8, 0x39,
  0xc6, 0x30, 0xbc, 0x39, 0x8d, 0x94, 0x1e, 0x3a, 0x94, 0x96, 0xb1, 0x39,
  0x47, 0xdb, 0x0d, 0x3a, 0xcd, 0x58, 0xf2, 0x39, 0xa3, 0x91, 0xef, 0x39,
  0x91, 0xb5, 0xe1, 0x39, 0x30, 0x4e, 0x09, 0x3a, 0xf0, 0xf2, 0xa5, 0x39,
  0x4b, 0x60, 0xd1, 0x39, 0x8b, 0x00, 0x00, 0x00, 0x66, 0x75, 0x6e, 0x63,
  0x74, 0x69, 0x6f, 0x6e, 0x61, 0x6c, 0x5f, 0x31, 0x2f, 0x62, 0x61, 0x74,
  0x63, 0x68, 0x5f, 0x6e, 0x6f, 0x72, 0x6d, 0x61, 0x6c, 0x69, 0x7a, 0x61,
  0x74, 0x69, 0x6f, 0x6e, 0x5f, 0x34, 0x5f, 0x31, 0x2f, 0x62, 0x61, 0x74,
  0x63, 0x68, 0x6e, 0x6f, 0x72, 0x6d, 0x2f, 0x61, 0x64, 0x64, 0x5f, 0x31,
  0x3b, 0x66, 0x75, 0x6e, 0x63, 0x74, 0x69, 0x6f, 0x6e, 0x61, 0x6c, 0x5f,
  0x31, 0x2f, 0x63, 0x6f, 0x6e, 0x76, 0x32, 0x64, 0x5f, 0x34, 0x5f, 0x31,
  0x2f, 0x63, 0x6f, 0x6e, 0x76, 0x6f, 0x6c, 0x75, 0x74, 0x69, 0x6f, 0x6e,
  0x3b, 0x66, 0x75, 0x6e, 0x63, 0x74, 0x69, 0x6f, 0x6e, 0x61, 0x6c, 0x5f,
  0x31, 0x2f, 0x62, 0x61, 0x74, 0x63, 0x68, 0x5f, 0x6e, 0x6f, 0x72, 0x6d,
  0x61, 0x6c, 0x69, 0x7a, 0x61, 0x74, 0x69, 0x6f, 0x6e, 0x5f, 0x34, 0x5f,
  0x31, 0x2f, 0x62, 0x61, 0x74, 0x63, 0x68, 0x6e, 0x6f, 0x72, 0x6d, 0x2f,
  0x73, 0x75, 0x62, 0x00, 0x01, 0x00, 0x00, 0x00, 0x18, 0x00, 0x00, 0x00,
  0x9a, 0xec, 0xff, 0xff, 0x00, 0x00, 0x00, 0x01, 0x14, 0x00, 0x00, 0x00,
  0xa8, 0x01, 0x00, 0x00, 0x0d, 0x00, 0x00, 0x00, 0x00, 0x00, 0x00, 0x09,
  0xc4, 0x01, 0x00, 0x00, 0xe4, 0xeb, 0xff, 0xff, 0x08, 0x00, 0x00, 0x00,
  0x0c, 0x01, 0x00, 0x00, 0x20, 0x00, 0x00, 0x00, 0x00, 0x00, 0x00, 0x00,
  0x00, 0x00, 0x00, 0x00, 0x00, 0x00, 0x00, 0x00, 0x00, 0x00, 0x00, 0x00,
  0x00, 0x00, 0x00, 0x00, 0x00, 0x00, 0x00, 0x00, 0x00, 0x00, 0x00, 0x00,
  0x00, 0x00, 0x00, 0x00, 0x00, 0x00, 0x00, 0x00, 0x00, 0x00, 0x00, 0x00,
  0x00, 0x00, 0x00, 0x00, 0x00, 0x00, 0x00, 0x00, 0x00, 0x00, 0x00, 0x00,
  0x00, 0x00, 0x00, 0x00, 0x00, 0x00, 0x00, 0x00, 0x00, 0x00, 0x00, 0x00,
  0x00, 0x00, 0x00, 0x00, 0x00, 0x00, 0x00, 0x00, 0x00, 0x00, 0x00, 0x00,
  0x00, 0x00, 0x00, 0x00, 0x00, 0x00, 0x00, 0x00, 0x00, 0x00, 0x00, 0x00,
  0x00, 0x00, 0x00, 0x00, 0x00, 0x00, 0x00, 0x00, 0x00, 0x00, 0x00, 0x00,
  0x00, 0x00, 0x00, 0x00, 0x00, 0x00, 0x00, 0x00, 0x00, 0x00, 0x00, 0x00,
  0x00, 0x00, 0x00, 0x00, 0x00, 0x00, 0x00, 0x00, 0x00, 0x00, 0x00, 0x00,
  0x00, 0x00, 0x00, 0x00, 0x00, 0x00, 0x00, 0x00, 0x00, 0x00, 0x00, 0x00,
  0x00, 0x00, 0x00, 0x00, 0x00, 0x00, 0x00, 0x00, 0x00, 0x00, 0x00, 0x00,
  0x00, 0x00, 0x00, 0x00, 0x00, 0x00, 0x00, 0x00, 0x00, 0x00, 0x00, 0x00,
  0x00, 0x00, 0x00, 0x00, 0x00, 0x00, 0x00, 0x00, 0x00, 0x00, 0x00, 0x00,
  0x00, 0x00, 0x00, 0x00, 0x00, 0x00, 0x00, 0x00, 0x00, 0x00, 0x00, 0x00,
  0x00, 0x00, 0x00, 0x00, 0x00, 0x00, 0x00, 0x00, 0x00, 0x00, 0x00, 0x00,
  0x00, 0x00, 0x00, 0x00, 0x00, 0x00, 0x00, 0x00, 0x00, 0x00, 0x00, 0x00,
  0x00, 0x00, 0x00, 0x00, 0x00, 0x00, 0x00, 0x00, 0x00, 0x00, 0x00, 0x00,
  0x00, 0x00, 0x00, 0x00, 0x00, 0x00, 0x00, 0x00, 0x00, 0x00, 0x00, 0x00,
  0x00, 0x00, 0x00, 0x00, 0x00, 0x00, 0x00, 0x00, 0x00, 0x00, 0x00, 0x00,
  0x00, 0x00, 0x00, 0x00, 0x00, 0x00, 0x00, 0x00, 0x00, 0x00, 0x00, 0x00,
  0x00, 0x00, 0x00, 0x00, 0x20, 0x00, 0x00, 0x00, 0x1b, 0xf9, 0xa3, 0x3b,
  0x44, 0x0c, 0xbc, 0x3b, 0x20, 0xa9, 0x8d, 0x3b, 0x89, 0x7d, 0x8b, 0x3b,
  0x32, 0x83, 0xda, 0x3b, 0x43, 0x1e, 0x61, 0x3b, 0x51, 0x92, 0x88, 0x3b,
  0xcb, 0x17, 0x9a, 0x3b, 0x8c, 0xdb, 0x92, 0x3b, 0x0d, 0xae, 0x94, 0x3b,
  0xb6, 0xfe, 0x74, 0x3b, 0xda, 0x1e, 0x88, 0x3b, 0x81, 0x8d, 0xa3, 0x3b,
  0xd2, 0x6c, 0xc7, 0x3b, 0xa8, 0xfe, 0xb9, 0x3b, 0x72, 0x9b, 0x8f, 0x3b,
  0x8f, 0xec, 0xb5, 0x3b, 0xe4, 0xc8, 0x8c, 0x3b, 0x2f, 0x5a, 0x79, 0x3b,
  0xb8, 0x0f, 0x85, 0x3b, 0xfb, 0xe2, 0x90, 0x3b, 0x97, 0xcd, 0xa8, 0x3b,
  0x79, 0x6a, 0xab, 0x3b, 0x75, 0xcf, 0x8c, 0x3b, 0xbb, 0x7d, 0x8d, 0x3b,
  0x5d, 0xb8, 0x8f, 0x3b, 0x12, 0x98, 0x94, 0x3b, 0x72, 0xb7, 0x9d, 0x3b,
  0x9a, 0xdf, 0x6f, 0x3b, 0x5f, 0x90, 0xaf, 0x3b, 0xe7, 0x2a, 0x9f, 0x3b,
  0x6b, 0xaf, 0x8a, 0x3b, 0x23, 0x00, 0x00, 0x00, 0x66, 0x75, 0x6e, 0x63,
  0x74, 0x69, 0x6f, 0x6e, 0x61, 0x6c, 0x5f, 0x31, 0x2f, 0x63, 0x6f, 0x6e,
  0x76, 0x32, 0x64, 0x5f, 0x38, 0x5f, 0x31, 0x2f, 0x63, 0x6f, 0x6e, 0x76,
  0x6f, 0x6c, 0x75, 0x74, 0x69, 0x6f, 0x6e, 0x00, 0x04, 0x00, 0x00, 0x00,
  0x20, 0x00, 0x00, 0x00, 0x01, 0x00, 0x00, 0x00, 0x01, 0x00, 0x00, 0x00,
  0x18, 0x00, 0x00, 0x00, 0x8a, 0xee, 0xff, 0xff, 0x00, 0x00, 0x00, 0x01,
  0x14, 0x00, 0x00, 0x00, 0xa8, 0x01, 0x00, 0x00, 0x0c, 0x00, 0x00, 0x00,
  0x00, 0x00, 0x00, 0x02, 0x2c, 0x02, 0x00, 0x00, 0xd4, 0xed, 0xff, 0xff,
  0x08, 0x00, 0x00, 0x00, 0x0c, 0x01, 0x00, 0x00, 0x20, 0x00, 0x00, 0x00,
  0x00, 0x00, 0x00, 0x00, 0x00, 0x00, 0x00, 0x00, 0x00, 0x00, 0x00, 0x00,
  0x00, 0x00, 0x00, 0x00, 0x00, 0x00, 0x00, 0x00, 0x00, 0x00, 0x00, 0x00,
  0x00, 0x00, 0x00, 0x00, 0x00, 0x00, 0x00, 0x00, 0x00, 0x00, 0x00, 0x00,
  0x00, 0x00, 0x00, 0x00, 0x00, 0x00, 0x00, 0x00, 0x00, 0x00, 0x00, 0x00,
  0x00, 0x00, 0x00, 0x00, 0x00, 0x00, 0x00, 0x00, 0x00, 0x00, 0x00, 0x00,
  0x00, 0x00, 0x00, 0x00, 0x00, 0x00, 0x00, 0x00, 0x00, 0x00, 0x00, 0x00,
  0x00, 0x00, 0x00, 0x00, 0x00, 0x00, 0x00, 0x00, 0x00, 0x00, 0x00, 0x00,
  0x00, 0x00, 0x00, 0x00, 0x00, 0x00, 0x00, 0x00, 0x00, 0x00, 0x00, 0x00,
  0x00, 0x00, 0x00, 0x00, 0x00, 0x00, 0x00, 0x00, 0x00, 0x00, 0x00, 0x00,
  0x00, 0x00, 0x00, 0x00, 0x00, 0x00, 0x00, 0x00, 0x00, 0x00, 0x00, 0x00,
  0x00, 0x00, 0x00, 0x00, 0x00, 0x00, 0x00, 0x00, 0x00, 0x00, 0x00, 0x00,
  0x00, 0x00, 0x00, 0x00, 0x00, 0x00, 0x00, 0x00, 0x00, 0x00, 0x00, 0x00,
  0x00, 0x00, 0x00, 0x00, 0x00, 0x00, 0x00, 0x00, 0x00, 0x00, 0x00, 0x00,
  0x00, 0x00, 0x00, 0x00, 0x00, 0x00, 0x00, 0x00, 0x00, 0x00, 0x00, 0x00,
  0x00, 0x00, 0x00, 0x00, 0x00, 0x00, 0x00, 0x00, 0x00, 0x00, 0x00, 0x00,
  0x00, 0x00, 0x00, 0x00, 0x00, 0x00, 0x00, 0x00, 0x00, 0x00, 0x00, 0x00,
  0x00, 0x00, 0x00, 0x00, 0x00, 0x00, 0x00, 0x00, 0x00, 0x00, 0x00, 0x00,
  0x00, 0x00, 0x00, 0x00, 0x00, 0x00, 0x00, 0x00, 0x00, 0x00, 0x00, 0x00,
  0x00, 0x00, 0x00, 0x00, 0x00, 0x00, 0x00, 0x00, 0x00, 0x00, 0x00, 0x00,
  0x00, 0x00, 0x00, 0x00, 0x00, 0x00, 0x00, 0x00, 0x00, 0x00, 0x00, 0x00,
  0x00, 0x00, 0x00, 0x00, 0x00, 0x00, 0x00, 0x00, 0x00, 0x00, 0x00, 0x00,
  0x00, 0x00, 0x00, 0x00, 0x00, 0x00, 0x00, 0x00, 0x20, 0x00, 0x00, 0x00,
  0xba, 0x27, 0x52, 0x39, 0xb4, 0x02, 0x71, 0x39, 0xff, 0x8e, 0x35, 0x39,
  0xee, 0xc6, 0x32, 0x39, 0x14, 0x07, 0x8c, 0x39, 0xc1, 0x42, 0x10, 0x39,
  0x42, 0x09, 0x2f, 0x39, 0x0c, 0x7e, 0x45, 0x39, 0x20, 0x38, 0x3c, 0x39,
  0x04, 0x8e, 0x3e, 0x39, 0x8b, 0xff, 0x1c, 0x39, 0x46, 0x75, 0x2e, 0x39,
  0xd1, 0x9d, 0x51, 0x39, 0x91, 0x97, 0x7f, 0x39, 0x10, 0x61, 0x6e, 0x39,
  0xab, 0x0d, 0x38, 0x39, 0x76, 0x29, 0x69, 0x39, 0x9c, 0x6f, 0x34, 0x39,
  0x5d, 0xca, 0x1f, 0x39, 0x94, 0x89, 0x2a, 0x39, 0x73, 0xb1, 0x39, 0x39,
  0x75, 0x58, 0x58, 0x39, 0xba, 0xb1, 0x5b, 0x39, 0x06, 0x78, 0x34, 0x39,
  0x61, 0x57, 0x35, 0x39, 0xbb, 0x32, 0x38, 0x39, 0xd8, 0x71, 0x3e, 0x39,
  0xf7, 0x22, 0x4a, 0x39, 0x5b, 0xb7, 0x19, 0x39, 0xb4, 0x02, 0x61, 0x39,
  0x0b, 0xff, 0x4b, 0x39, 0xc2, 0xbe, 0x31, 0x39, 0x8b, 0x00, 0x00, 0x00,
  0x66, 0x75, 0x6e, 0x63, 0x74, 0x69, 0x6f, 0x6e, 0x61, 0x6c, 0x5f, 0x31,
  0x2f, 0x62, 0x61, 0x74, 0x63, 0x68, 0x5f, 0x6e, 0x6f, 0x72, 0x6d, 0x61,
  0x6c, 0x69, 0x7a, 0x61, 0x74, 0x69, 0x6f, 0x6e, 0x5f, 0x38, 0x5f, 0x31,
  0x2f, 0x62, 0x61, 0x74, 0x63, 0x68, 0x6e, 0x6f, 0x72, 0x6d, 0x2f, 0x61,
  0x64, 0x64, 0x5f, 0x31, 0x3b, 0x66, 0x75, 0x6e, 0x63, 0x74, 0x69, 0x6f,
  0x6e, 0x61, 0x6c, 0x5f, 0x31, 0x2f, 0x63, 0x6f, 0x6e, 0x76, 0x32, 0x64,
  0x5f, 0x38, 0x5f, 0x31, 0x2f, 0x63, 0x6f, 0x6e, 0x76, 0x6f, 0x6c, 0x75,
  0x74, 0x69, 0x6f, 0x6e, 0x3b, 0x66, 0x75, 0x6e, 0x63, 0x74, 0x69, 0x6f,
  0x6e, 0x61, 0x6c, 0x5f, 0x31, 0x2f, 0x62, 0x61, 0x74, 0x63, 0x68, 0x5f,
  0x6e, 0x6f, 0x72, 0x6d, 0x61, 0x6c, 0x69, 0x7a, 0x61, 0x74, 0x69, 0x6f,
  0x6e, 0x5f, 0x38, 0x5f, 0x31, 0x2f, 0x62, 0x61, 0x74, 0x63, 0x68, 0x6e,
  0x6f, 0x72, 0x6d, 0x2f, 0x73, 0x75, 0x62, 0x00, 0x01, 0x00, 0x00, 0x00,
  0x20, 0x00, 0x00, 0x00, 0xd6, 0xf0, 0xff, 0xff, 0x00, 0x00, 0x00, 0x01,
  0x14, 0x00, 0x00, 0x00, 0x4c, 0x01, 0x00, 0x00, 0x0b, 0x00, 0x00, 0x00,
  0x00, 0x00, 0x00, 0x09, 0x70, 0x01, 0x00, 0x00, 0xf2, 0xf9, 0xff, 0xff,
  0x03, 0x00, 0x00, 0x00, 0x08, 0x00, 0x00, 0x00, 0xcc, 0x00, 0x00, 0x00,
  0x18, 0x00, 0x00, 0x00, 0x00, 0x00, 0x00, 0x00, 0x00, 0x00, 0x00, 0x00,
  0x00, 0x00, 0x00, 0x00, 0x00, 0x00, 0x00, 0x00, 0x00, 0x00, 0x00, 0x00,
  0x00, 0x00, 0x00, 0x00, 0x00, 0x00, 0x00, 0x00, 0x00, 0x00, 0x00, 0x00,
  0x00, 0x00, 0x00, 0x00, 0x00, 0x00, 0x00, 0x00, 0x00, 0x00, 0x00, 0x00,
  0x00, 0x00, 0x00, 0x00, 0x00, 0x00, 0x00, 0x00, 0x00, 0x00, 0x00, 0x00,
  0x00, 0x00, 0x00, 0x00, 0x00, 0x00, 0x00, 0x00, 0x00, 0x00, 0x00, 0x00,
  0x00, 0x00, 0x00, 0x00, 0x00, 0x00, 0x00, 0x00, 0x00, 0x00, 0x00, 0x00,
  0x00, 0x00, 0x00, 0x00, 0x00, 0x00, 0x00, 0x00, 0x00, 0x00, 0x00, 0x00,
  0x00, 0x00, 0x00, 0x00, 0x00, 0x00, 0x00, 0x00, 0x00, 0x00, 0x00, 0x00,
  0x00, 0x00, 0x00, 0x00, 0x00, 0x00, 0x00, 0x00, 0x00, 0x00, 0x00, 0x00,
  0x00, 0x00, 0x00, 0x00, 0x00, 0x00, 0x00, 0x00, 0x00, 0x00, 0x00, 0x00,
  0x00, 0x00, 0x00, 0x00, 0x00, 0x00, 0x00, 0x00, 0x00, 0x00, 0x00, 0x00,
  0x00, 0x00, 0x00, 0x00, 0x00, 0x00, 0x00, 0x00, 0x00, 0x00, 0x00, 0x00,
  0x00, 0x00, 0x00, 0x00, 0x00, 0x00, 0x00, 0x00, 0x00, 0x00, 0x00, 0x00,
  0x00, 0x00, 0x00, 0x00, 0x00, 0x00, 0x00, 0x00, 0x00, 0x00, 0x00, 0x00,
  0x00, 0x00, 0x00, 0x00, 0x00, 0x00, 0x00, 0x00, 0x00, 0x00, 0x00, 0x00,
  0x00, 0x00, 0x00, 0x00, 0x00, 0x00, 0x00, 0x00, 0x18, 0x00, 0x00, 0x00,
  0xde, 0x77, 0xae, 0x3a, 0x5a, 0x0a, 0xc7, 0x3a, 0x05, 0x78, 0xc4, 0x3a,
  0x6a, 0xc6, 0xfc, 0x3a, 0x52, 0x9f, 0xc5, 0x3a, 0x91, 0xae, 0xcf, 0x3a,
  0x65, 0x7a, 0x98, 0x3a, 0x15, 0xd7, 0xad, 0x3a, 0x9e, 0x7b, 0xd3, 0x3a,
  0xdc, 0xde, 0x04, 0x3b, 0xe2, 0xb8, 0x95, 0x3a, 0xd1, 0x0d, 0x90, 0x3a,
  0x76, 0xe2, 0x9f, 0x3a, 0xc2, 0x37, 0xcc, 0x3a, 0xcd, 0x89, 0xe0, 0x3a,
  0xb0, 0x31, 0xc7, 0x3a, 0xb1, 0x66, 0xb2, 0x3a, 0xf0, 0x4d, 0x92, 0x3a,
  0x8b, 0x28, 0xa1, 0x3a, 0x6e, 0x3e, 0x66, 0x3a, 0xf6, 0x1f, 0xa0, 0x3a,
  0x26, 0xf8, 0x7d, 0x3a, 0x63, 0x85, 0xb6, 0x3a, 0xec, 0xb4, 0x41, 0x3a,
  0x2b, 0x00, 0x00, 0x00, 0x66, 0x75, 0x6e, 0x63, 0x74, 0x69, 0x6f, 0x6e,
  0x61, 0x6c, 0x5f, 0x31, 0x2f, 0x64, 0x65, 0x70, 0x74, 0x68, 0x77, 0x69,
  0x73, 0x65, 0x5f, 0x63, 0x6f, 0x6e, 0x76, 0x32, 0x64, 0x5f, 0x34, 0x5f,
  0x31, 0x2f, 0x64, 0x65, 0x70, 0x74, 0x68, 0x77, 0x69, 0x73, 0x65, 0x00,
  0x04, 0x00, 0x00, 0x00, 0x01, 0x00, 0x00, 0x00, 0x03, 0x00, 0x00, 0x00,
  0x03, 0x00, 0x00, 0x00, 0x18, 0x00, 0x00, 0x00, 0x72, 0xf2, 0xff, 0xff,
  0x00, 0x00, 0x00, 0x01, 0x14, 0x00, 0x00, 0x00, 0xa8, 0x01, 0x00, 0x00,
  0x0a, 0x00, 0x00, 0x00, 0x00, 0x00, 0x00, 0x09, 0xc4, 0x01, 0x00, 0x00,
  0xbc, 0xf1, 0xff, 0xff, 0x08, 0x00, 0x00, 0x00, 0x0c, 0x01, 0x00, 0x00,
  0x20, 0x00, 0x00, 0x00, 0x00, 0x00, 0x00, 0x00, 0x00, 0x00, 0x00, 0x00,
  0x00, 0x00, 0x00, 0x00, 0x00, 0x00, 0x00, 0x00, 0x00, 0x00, 0x00, 0x00,
  0x00, 0x00, 0x00, 0x00, 0x00, 0x00, 0x00, 0x00, 0x00, 0x00, 0x00, 0x00,
  0x00, 0x00, 0x00, 0x00, 0x00, 0x00, 0x00, 0x00, 0x00, 0x00, 0x00, 0x00,
  0x00, 0x00, 0x00, 0x00, 0x00, 0x00, 0x00, 0x00, 0x00, 0x00, 0x00, 0x00,
  0x00, 0x00, 0x00, 0x00, 0x00, 0x00, 0x00, 0x00, 0x00, 0x00, 0x00, 0x00,
  0x00, 0x00, 0x00, 0x00, 0x00, 0x00, 0x00, 0x00, 0x00, 0x00, 0x00, 0x00,
  0x00, 0x00, 0x00, 0x00, 0x00, 0x00, 0x00, 0x00, 0x00, 0x00, 0x00, 0x00,
  0x00, 0x00, 0x00, 0x00, 0x00, 0x00, 0x00, 0x00, 0x00, 0x00, 0x00, 0x00,
  0x00, 0x00, 0x00, 0x00, 0x00, 0x00, 0x00, 0x00, 0x00, 0x00, 0x00, 0x00,
  0x00, 0x00, 0x00, 0x00, 0x00, 0x00, 0x00, 0x00, 0x00, 0x00, 0x00, 0x00,
  0x00, 0x00, 0x00, 0x00, 0x00, 0x00, 0x00, 0x00, 0x00, 0x00, 0x00, 0x00,
  0x00, 0x00, 0x00, 0x00, 0x00, 0x00, 0x00, 0x00, 0x00, 0x00, 0x00, 0x00,
  0x00, 0x00, 0x00, 0x00, 0x00, 0x00, 0x00, 0x00, 0x00, 0x00, 0x00, 0x00,
  0x00, 0x00, 0x00, 0x00, 0x00, 0x00, 0x00, 0x00, 0x00, 0x00, 0x00, 0x00,
  0x00, 0x00, 0x00, 0x00, 0x00, 0x00, 0x00, 0x00, 0x00, 0x00, 0x00, 0x00,
  0x00, 0x00, 0x00, 0x00, 0x00, 0x00, 0x00, 0x00, 0x00, 0x00, 0x00, 0x00,
  0x00, 0x00, 0x00, 0x00, 0x00, 0x00, 0x00, 0x00, 0x00, 0x00, 0x00, 0x00,
  0x00, 0x00, 0x00, 0x00, 0x00, 0x00, 0x00, 0x00, 0x00, 0x00, 0x00, 0x00,
  0x00, 0x00, 0x00, 0x00, 0x00, 0x00, 0x00, 0x00, 0x00, 0x00, 0x00, 0x00,
  0x00, 0x00, 0x00, 0x00, 0x00, 0x00, 0x00, 0x00, 0x00, 0x00, 0x00, 0x00,
  0x00, 0x00, 0x00, 0x00, 0x00, 0x00, 0x00, 0x00, 0x00, 0x00, 0x00, 0x00,
  0x20, 0x00, 0x00, 0x00, 0xfc, 0xd0, 0x37, 0x3c, 0xe5, 0x65, 0x43, 0x3c,
  0x8b, 0x1e, 0x85, 0x3c, 0x85, 0x48, 0x02, 0x3c, 0xf0, 0x92, 0x4c, 0x3c,
  0xba, 0x4a, 0x5c, 0x3c, 0x2d, 0x3b, 0x24, 0x3c, 0x5b, 0x06, 0x2b, 0x3c,
  0x18, 0xb0, 0x8f, 0x3c, 0xce, 0xeb, 0x5b, 0x3c, 0x83, 0x4d, 0x78, 0x3c,
  0x78, 0x31, 0x62, 0x3c, 0x36, 0xdf, 0x84, 0x3c, 0x4f, 0x67, 0x66, 0x3c,
  0x56, 0x75, 0xf1, 0x3b, 0x86, 0x4f, 0x5a, 0x3c, 0x8e, 0xed, 0x1c, 0x3c,
  0xf5, 0x08, 0x1e, 0x3c, 0x0d, 0xe9, 0x31, 0x3c, 0x28, 0x6c, 0x0a, 0x3c,
  0xb7, 0x03, 0x5f, 0x3c, 0xc1, 0xc4, 0x0a, 0x3c, 0xbf, 0x51, 0x22, 0x3c,
  0xe8, 0xc1, 0x32, 0x3c, 0x62, 0x45, 0x28, 0x3c, 0x93, 0x44, 0x20, 0x3c,
  0xe1, 0xc3, 0x5f, 0x3c, 0x05, 0xc5, 0x3d, 0x3c, 0xdd, 0x0a, 0x8e, 0x3c,
  0x6b, 0x9d, 0x0a, 0x3c, 0x49, 0xf3, 0x24, 0x3c, 0x16, 0x5e, 0x1b, 0x3c,
  0x23, 0x00, 0x00, 0x00, 0x66, 0x75, 0x6e, 0x63, 0x74, 0x69, 0x6f, 0x6e,
  0x61, 0x6c, 0x5f, 0x31, 0x2f, 0x63, 0x6f, 0x6e, 0x76, 0x32, 0x64, 0x5f,
  0x36, 0x5f, 0x31, 0x2f, 0x63, 0x6f, 0x6e, 0x76, 0x6f, 0x6c, 0x75, 0x74,
  0x69, 0x6f, 0x6e, 0x00, 0x04, 0x00, 0x00, 0x00, 0x20, 0x00, 0x00, 0x00,
  0x01, 0x00, 0x00, 0x00, 0x01, 0x00, 0x00, 0x00, 0x18, 0x00, 0x00, 0x00,
  0x62, 0xf4, 0xff, 0xff, 0x00, 0x00, 0x00, 0x01, 0x14, 0x00, 0x00, 0x00,
  0xa8, 0x01, 0x00, 0x00, 0x09, 0x00, 0x00, 0x00, 0x00, 0x00, 0x00, 0x02,
  0x48, 0x02, 0x00, 0x00, 0xac, 0xf3, 0xff, 0xff, 0x08, 0x00, 0x00, 0x00,
  0x0c, 0x01, 0x00, 0x00, 0x20, 0x00, 0x00, 0x00, 0x00, 0x00, 0x00, 0x00,
  0x00, 0x00, 0x00, 0x00, 0x00, 0x00, 0x00, 0x00, 0x00, 0x00, 0x00, 0x00,
  0x00, 0x00, 0x00, 0x00, 0x00, 0x00, 0x00, 0x00, 0x00, 0x00, 0x00, 0x00,
  0x00, 0x00, 0x00, 0x00, 0x00, 0x00, 0x00, 0x00, 0x00, 0x00, 0x00, 0x00,
  0x00, 0x00, 0x00, 0x00, 0x00, 0x00, 0x00, 0x00, 0x00, 0x00, 0x00, 0x00,
  0x00, 0x00, 0x00, 0x00, 0x00, 0x00, 0x00, 0x00, 0x00, 0x00, 0x00, 0x00,
  0x00, 0x00, 0x00, 0x00, 0x00, 0x00, 0x00, 0x00, 0x00, 0x00, 0x00, 0x00,
  0x00, 0x00, 0x00, 0x00, 0x00, 0x00, 0x00, 0x00, 0x00, 0x00, 0x00, 0x00,
  0x00, 0x00, 0x00, 0x00, 0x00, 0x00, 0x00, 0x00, 0x00, 0x00, 0x00, 0x00,
  0x00, 0x00, 0x00, 0x00, 0x00, 0x00, 0x00, 0x00, 0x00, 0x00, 0x00, 0x00,
  0x00, 0x00, 0x00, 0x00, 0x00, 0x00, 0x00, 0x00, 0x00, 0x00, 0x00, 0x00,
  0x00, 0x00, 0x00, 0x00, 0x00, 0x00, 0x00, 0x00, 0x00, 0x00, 0x00, 0x00,
  0x00, 0x00, 0x00, 0x00, 0x00, 0x00, 0x00, 0x00, 0x00, 0x00, 0x00, 0x00,
  0x00, 0x00, 0x00, 0x00, 0x00, 0x00, 0x00, 0x00, 0x00, 0x00, 0x00, 0x00,
  0x00, 0x00, 0x00, 0x00, 0x00, 0x00, 0x00, 0x00, 0x00, 0x00, 0x00, 0x00,
  0x00, 0x00, 0x00, 0x00, 0x00, 0x00, 0x00, 0x00, 0x00, 0x00, 0x00, 0x00,
  0x00, 0x00, 0x00, 0x00, 0x00, 0x00, 0x00, 0x00, 0x00, 0x00, 0x00, 0x00,
  0x00, 0x00, 0x00, 0x00, 0x00, 0x00, 0x00, 0x00, 0x00, 0x00, 0x00, 0x00,
  0x00, 0x00, 0x00, 0x00, 0x00, 0x00, 0x00, 0x00, 0x00, 0x00, 0x00, 0x00,
  0x00, 0x00, 0x00, 0x00, 0x00, 0x00, 0x00, 0x00, 0x00, 0x00, 0x00, 0x00,
  0x00, 0x00, 0x00, 0x00, 0x00, 0x00, 0x00, 0x00, 0x00, 0x00, 0x00, 0x00,
  0x00, 0x00, 0x00, 0x00, 0x00, 0x00, 0x00, 0x00, 0x00, 0x00, 0x00, 0x00,
  0x00, 0x00, 0x00, 0x00, 0x20, 0x00, 0x00, 0x00, 0x67, 0xb8, 0xa0, 0x39,
  0xc7, 0xd8, 0xaa, 0x39, 0x55, 0xc9, 0xe8, 0x39, 0xbb, 0xd3, 0x63, 0x39,
  0xac, 0xde, 0xb2, 0x39, 0xe2, 0x9c, 0xc0, 0x39, 0x90, 0x98, 0x8f, 0x39,
  0x38, 0x89, 0x95, 0x39, 0x8b, 0x44, 0xfb, 0x39, 0xe3, 0x49, 0xc0, 0x39,
  0xad, 0x1a, 0xd9, 0x39, 0xcd, 0xc5, 0xc5, 0x39, 0x95, 0x5a, 0xe8, 0x39,
  0x37, 0x74, 0xc9, 0x39, 0xa8, 0x1e, 0x53, 0x39, 0x68, 0xe1, 0xbe, 0x39,
  0xdb, 0x35, 0x89, 0x39, 0xa6, 0x2d, 0x8a, 0x39, 0x70, 0x8e, 0x9b, 0x39,
  0x66, 0x0f, 0x72, 0x39, 0x4b, 0xfe, 0xc2, 0x39, 0x54, 0xaa, 0x72, 0x39,
  0xa1, 0xec, 0x8d, 0x39, 0x0c, 0x4c, 0x9c, 0x39, 0xd3, 0x20, 0x93, 0x39,
  0x72, 0x21, 0x8c, 0x39, 0x50, 0xa6, 0xc3, 0x39, 0xf2, 0xec, 0xa5, 0x39,
  0xef, 0x63, 0xf8, 0x39, 0x8b, 0x65, 0x72, 0x39, 0x8a, 0x39, 0x90, 0x39,
  0x94, 0xd8, 0x87, 0x39, 0xa7, 0x00, 0x00, 0x00, 0x66, 0x75, 0x6e, 0x63,
  0x74, 0x69, 0x6f, 0x6e, 0x61, 0x6c, 0x5f, 0x31, 0x2f, 0x72, 0x65, 0x5f,
  0x6c, 0x75, 0x5f, 0x35, 0x5f, 0x31, 0x2f, 0x52, 0x65, 0x6c, 0x75, 0x3b,
  0x66, 0x75, 0x6e, 0x63, 0x74, 0x69, 0x6f, 0x6e, 0x61, 0x6c, 0x5f, 0x31,
  0x2f, 0x62, 0x61, 0x74, 0x63, 0x68, 0x5f, 0x6e, 0x6f, 0x72, 0x6d, 0x61,
  0x6c, 0x69, 0x7a, 0x61, 0x74, 0x69, 0x6f, 0x6e, 0x5f, 0x36, 0x5f, 0x31,
  0x2f, 0x62, 0x61, 0x74, 0x63, 0x68, 0x6e, 0x6f, 0x72, 0x6d, 0x2f, 0x61,
  0x64, 0x64, 0x5f, 0x31, 0x3b, 0x66, 0x75, 0x6e, 0x63, 0x74, 0x69, 0x6f,
  0x6e, 0x61, 0x6c, 0x5f, 0x31, 0x2f, 0x63, 0x6f, 0x6e, 0x76, 0x32, 0x64,
  0x5f, 0x36, 0x5f, 0x31, 0x2f, 0x63, 0x6f, 0x6e, 0x76, 0x6f, 0x6c, 0x75,
  0x74, 0x69, 0x6f, 0x6e, 0x3b, 0x66, 0x75, 0x6e, 0x63, 0x74, 0x69, 0x6f,
  0x6e, 0x61, 0x6c, 0x5f, 0x31, 0x2f, 0x62, 0x61, 0x74, 0x63, 0x68, 0x5f,
  0x6e, 0x6f, 0x72, 0x6d, 0x61, 0x6c, 0x69, 0x7a, 0x61, 0x74, 0x69, 0x6f,
  0x6e, 0x5f, 0x36, 0x5f, 0x31, 0x2f, 0x62, 0x61, 0x74, 0x63, 0x68, 0x6e,
  0x6f, 0x72, 0x6d, 0x2f, 0x73, 0x75, 0x62, 0x00, 0x01, 0x00, 0x00, 0x00,
  0x20, 0x00, 0x00, 0x00, 0x00, 0x00, 0x16, 0x00, 0x1e, 0x00, 0x18, 0x00,
  0x17, 0x00, 0x10, 0x00, 0x0c, 0x00, 0x08, 0x00, 0x00, 0x00, 0x00, 0x00,
  0x00, 0x00, 0x07, 0x00, 0x16, 0x00, 0x00, 0x00, 0x00, 0x00, 0x00, 0x01,
  0x28, 0x00, 0x00, 0x00, 0xc0, 0x01, 0x00, 0x00, 0x08, 0x00, 0x00, 0x00,
  0x00, 0x00, 0x00, 0x09, 0xe4, 0x01, 0x00, 0x00, 0x00, 0x00, 0x12, 0x00,
  0x10, 0x00, 0x00, 0x00, 0x00, 0x00, 0x0c, 0x00, 0x08, 0x00, 0x00, 0x00,
  0x00, 0x00, 0x04, 0x00, 0x12, 0x00, 0x00, 0x00, 0x03, 0x00, 0x00, 0x00,
  0x08, 0x00, 0x00, 0x00, 0x0c, 0x01, 0x00, 0x00, 0x20, 0x00, 0x00, 0x00,
  0x00, 0x00, 0x00, 0x00, 0x00, 0x00, 0x00, 0x00, 0x00, 0x00, 0x00, 0x00,
  0x00, 0x00, 0x00, 0x00, 0x00, 0x00, 0x00, 0x00, 0x00, 0x00, 0x00, 0x00,
  0x00, 0x00, 0x00, 0x00, 0x00, 0x00, 0x00, 0x00, 0x00, 0x00, 0x00, 0x00,
  0x00, 0x00, 0x00, 0x00, 0x00, 0x00, 0x00, 0x00, 0x00, 0x00, 0x00, 0x00,
  0x00, 0x00, 0x00, 0x00, 0x00, 0x00, 0x00, 0x00, 0x00, 0x00, 0x00, 0x00,
  0x00, 0x00, 0x00, 0x00, 0x00, 0x00, 0x00, 0x00, 0x00, 0x00, 0x00, 0x00,
  0x00, 0x00, 0x00, 0x00, 0x00, 0x00, 0x00, 0x00, 0x00, 0x00, 0x00, 0x00,
  0x00, 0x00, 0x00, 0x00, 0x00, 0x00, 0x00, 0x00, 0x00, 0x00, 0x00, 0x00,
  0x00, 0x00, 0x00, 0x00, 0x00, 0x00, 0x00, 0x00, 0x00, 0x00, 0x00, 0x00,
  0x00, 0x00, 0x00, 0x00, 0x00, 0x00, 0x00, 0x00, 0x00, 0x00, 0x00, 0x00,
  0x00, 0x00, 0x00, 0x00, 0x00, 0x00, 0x00, 0x00, 0x00, 0x00, 0x00, 0x00,
  0x00, 0x00, 0x00, 0x00, 0x00, 0x00, 0x00, 0x00, 0x00, 0x00, 0x00, 0x00,
  0x00, 0x00, 0x00, 0x00, 0x00, 0x00, 0x00, 0x00, 0x00, 0x00, 0x00, 0x00,
  0x00, 0x00, 0x00, 0x00, 0x00, 0x00, 0x00, 0x00, 0x00, 0x00, 0x00, 0x00,
  0x00, 0x00, 0x00, 0x00, 0x00, 0x00, 0x00, 0x00, 0x00, 0x00, 0x00, 0x00,
  0x00, 0x00, 0x00, 0x00, 0x00, 0x00, 0x00, 0x00, 0x00, 0x00, 0x00, 0x00,
  0x00, 0x00, 0x00, 0x00, 0x00, 0x00, 0x00, 0x00, 0x00, 0x00, 0x00, 0x00,
  0x00, 0x00, 0x00, 0x00, 0x00, 0x00, 0x00, 0x00, 0x00, 0x00, 0x00, 0x00,
  0x00, 0x00, 0x00, 0x00, 0x00, 0x00, 0x00, 0x00, 0x00, 0x00, 0x00, 0x00,
  0x00, 0x00, 0x00, 0x00, 0x00, 0x00, 0x00, 0x00, 0x00, 0x00, 0x00, 0x00,
  0x00, 0x00, 0x00, 0x00, 0x00, 0x00, 0x00, 0x00, 0x00, 0x00, 0x00, 0x00,
  0x00, 0x00, 0x00, 0x00, 0x00, 0x00, 0x00, 0x00, 0x20, 0x00, 0x00, 0x00,
  0xe2, 0xd6, 0x5f, 0x3a, 0xa7, 0x86, 0x31, 0x3a, 0x3b, 0x13, 0xca, 0x3a,
  0x42, 0x41, 0x2f, 0x3a, 0x0b, 0x3c, 0x70, 0x3a, 0x98, 0xe7, 0xaa, 0x3a,
  0x3b, 0x33, 0x8d, 0x3a, 0xfd, 0xf1, 0x94, 0x3a, 0x9d, 0x71, 0xec, 0x3a,
  0xb7, 0x14, 0x87, 0x3a, 0xd4, 0x0e, 0xf4, 0x3a, 0x42, 0x20, 0x7f, 0x3a,
  0xf6, 0xc7, 0xd4, 0x3a, 0x44, 0x7c, 0x98, 0x3a, 0xf1, 0x97, 0x6a, 0x3a,
  0x66, 0xfb, 0x81, 0x3a, 0x88, 0x00, 0x6f, 0x3a, 0x4e, 0xf7, 0x7c, 0x3a,
  0x6d, 0x73, 0x36, 0x3a, 0x5b, 0x0d, 0x20, 0x3a, 0x1b, 0xfe, 0x85, 0x3a,
  0xf3, 0xc4, 0x32, 0x3a, 0x9d, 0x00, 0x84, 0x3a, 0x8e, 0xb5, 0x4c, 0x3a,
  0x06, 0xe9, 0xd1, 0x39, 0xa0, 0x63, 0x9c, 0x3a, 0x12, 0x7d, 0x50, 0x3a,
  0xf7, 0x73, 0x96, 0x3a, 0xec, 0x2f, 0xd7, 0x3a, 0x66, 0xc4, 0x4d, 0x3a,
  0xd8, 0xb4, 0x20, 0x3a, 0x77, 0x8f, 0x5c, 0x3a, 0x2b, 0x00, 0x00, 0x00,
  0x66, 0x75, 0x6e, 0x63, 0x74, 0x69, 0x6f, 0x6e, 0x61, 0x6c, 0x5f, 0x31,
  0x2f, 0x64, 0x65, 0x70, 0x74, 0x68, 0x77, 0x69, 0x73, 0x65, 0x5f, 0x63,
  0x6f, 0x6e, 0x76, 0x32, 0x64, 0x5f, 0x35, 0x5f, 0x31, 0x2f, 0x64, 0x65,
  0x70, 0x74, 0x68, 0x77, 0x69, 0x73, 0x65, 0x00, 0x04, 0x00, 0x00, 0x00,
  0x01, 0x00, 0x00, 0x00, 0x03, 0x00, 0x00, 0x00, 0x03, 0x00, 0x00, 0x00,
  0x20, 0x00, 0x00, 0x00, 0xf2, 0xf8, 0xff, 0xff, 0x00, 0x00, 0x00, 0x01,
  0x14, 0x00, 0x00, 0x00, 0xa8, 0x01, 0x00, 0x00, 0x07, 0x00, 0x00, 0x00,
  0x00, 0x00, 0x00, 0x02, 0xb0, 0x01, 0x00, 0x00, 0x3c, 0xf8, 0xff, 0xff,
  0x08, 0x00, 0x00, 0x00, 0x0c, 0x01, 0x00, 0x00, 0x20, 0x00, 0x00, 0x00,
  0x00, 0x00, 0x00, 0x00, 0x00, 0x00, 0x00, 0x00, 0x00, 0x00, 0x00, 0x00,
  0x00, 0x00, 0x00, 0x00, 0x00, 0x00, 0x00, 0x00, 0x00, 0x00, 0x00, 0x00,
  0x00, 0x00, 0x00, 0x00, 0x00, 0x00, 0x00, 0x00, 0x00, 0x00, 0x00, 0x00,
  0x00, 0x00, 0x00, 0x00, 0x00, 0x00, 0x00, 0x00, 0x00, 0x00, 0x00, 0x00,
  0x00, 0x00, 0x00, 0x00, 0x00, 0x00, 0x00, 0x00, 0x00, 0x00, 0x00, 0x00,
  0x00, 0x00, 0x00, 0x00, 0x00, 0x00, 0x00, 0x00, 0x00, 0x00, 0x00, 0x00,
  0x00, 0x00, 0x00, 0x00, 0x00, 0x00, 0x00, 0x00, 0x00, 0x00, 0x00, 0x00,
  0x00, 0x00, 0x00, 0x00, 0x00, 0x00, 0x00, 0x00, 0x00, 0x00, 0x00, 0x00,
  0x00, 0x00, 0x00, 0x00, 0x00, 0x00, 0x00, 0x00, 0x00, 0x00, 0x00, 0x00,
  0x00, 0x00, 0x00, 0x00, 0x00, 0x00, 0x00, 0x00, 0x00, 0x00, 0x00, 0x00,
  0x00, 0x00, 0x00, 0x00, 0x00, 0x00, 0x00, 0x00, 0x00, 0x00, 0x00, 0x00,
  0x00, 0x00, 0x00, 0x00, 0x00, 0x00, 0x00, 0x00, 0x00, 0x00, 0x00, 0x00,
  0x00, 0x00, 0x00, 0x00, 0x00, 0x00, 0x00, 0x00, 0x00, 0x00, 0x00, 0x00,
  0x00, 0x00, 0x00, 0x00, 0x00, 0x00, 0x00, 0x00, 0x00, 0x00, 0x00, 0x00,
  0x00, 0x00, 0x00, 0x00, 0x00, 0x00, 0x00, 0x00, 0x00, 0x00, 0x00, 0x00,
  0x00, 0x00, 0x00, 0x00, 0x00, 0x00, 0x00, 0x00, 0x00, 0x00, 0x00, 0x00,
  0x00, 0x00, 0x00, 0x00, 0x00, 0x00, 0x00, 0x00, 0x00, 0x00, 0x00, 0x00,
  0x00, 0x00, 0x00, 0x00, 0x00, 0x00, 0x00, 0x00, 0x00, 0x00, 0x00, 0x00,
  0x00, 0x00, 0x00, 0x00, 0x00, 0x00, 0x00, 0x00, 0x00, 0x00, 0x00, 0x00,
  0x00, 0x00, 0x00, 0x00, 0x00, 0x00, 0x00, 0x00, 0x00, 0x00, 0x00, 0x00,
  0x00, 0x00, 0x00, 0x00, 0x00, 0x00, 0x00, 0x00, 0x00, 0x00, 0x00, 0x00,
  0x00, 0x00, 0x00, 0x00, 0x00, 0x00, 0x00, 0x00, 0x20, 0x00, 0x00, 0x00,
  0x19, 0x31, 0xf0, 0x37, 0xb9, 0x7e, 0xbe, 0x37, 0x6a, 0xd6, 0x58, 0x38,
  0xda, 0x0e, 0xbc, 0x37, 0x71, 0xe4, 0x00, 0x38, 0xd5, 0x63, 0x37, 0x38,
  0xf0, 0x83, 0x17, 0x38, 0x8b, 0xd3, 0x1f, 0x38, 0x8e, 0xb7, 0x7d, 0x38,
  0xfb, 0xf2, 0x10, 0x38, 0x96, 0xf1, 0x82, 0x38, 0xcc, 0xe1, 0x08, 0x38,
  0x5e, 0x53, 0x64, 0x38, 0x07, 0xa0, 0x23, 0x38, 0x48, 0xbb, 0xfb, 0x37,
  0x4e, 0x7a, 0x0b, 0x38, 0x29, 0x3b, 0x00, 0x38, 0x1f, 0xb9, 0x07, 0x38,
  0x99, 0xc7, 0xc3, 0x37, 0xa2, 0xbe, 0xab, 0x37, 0x05, 0xc8, 0x0f, 0x38,
  0x45, 0xd4, 0xbf, 0x37, 0x4e, 0xa5, 0x0d, 0x38, 0x00, 0xaa, 0xdb, 0x37,
  0xbd, 0x3e, 0x61, 0x37, 0x65, 0xd0, 0x27, 0x38, 0x32, 0xb8, 0xdf, 0x37,
  0xb8, 0x71, 0x21, 0x38, 0x53, 0xe8, 0x66, 0x38, 0xa1, 0xcc, 0xdc, 0x37,
  0x5b, 0x72, 0xac, 0x37, 0x5c, 0xac, 0xec, 0x37, 0x0e, 0x00, 0x00, 0x00,
  0x61, 0x72, 0x69, 0x74, 0x68, 0x2e, 0x63, 0x6f, 0x6e, 0x73, 0x74, 0x61,
  0x6e, 0x74, 0x00, 0x00, 0x01, 0x00, 0x00, 0x00, 0x20, 0x00, 0x00, 0x00,
  0xc2, 0xfa, 0xff, 0xff, 0x00, 0x00, 0x00, 0x01, 0x14, 0x00, 0x00, 0x00,
  0xa8, 0x01, 0x00, 0x00, 0x06, 0x00, 0x00, 0x00, 0x00, 0x00, 0x00, 0x09,
  0xc4, 0x01, 0x00, 0x00, 0x0c, 0xfa, 0xff, 0xff, 0x08, 0x00, 0x00, 0x00,
  0x0c, 0x01, 0x00, 0x00, 0x20, 0x00, 0x00, 0x00, 0x00, 0x00, 0x00, 0x00,
  0x00, 0x00, 0x00, 0x00, 0x00, 0x00, 0x00, 0x00, 0x00, 0x00, 0x00, 0x00,
  0x00, 0x00, 0x00, 0x00, 0x00, 0x00, 0x00, 0x00, 0x00, 0x00, 0x00, 0x00,
  0x00, 0x00, 0x00, 0x00, 0x00, 0x00, 0x00, 0x00, 0x00, 0x00, 0x00, 0x00,
  0x00, 0x00, 0x00, 0x00, 0x00, 0x00, 0x00, 0x00, 0x00, 0x00, 0x00, 0x00,
  0x00, 0x00, 0x00, 0x00, 0x00, 0x00, 0x00, 0x00, 0x00, 0x00, 0x00, 0x00,
  0x00, 0x00, 0x00, 0x00, 0x00, 0x00, 0x00, 0x00, 0x00, 0x00, 0x00, 0x00,
  0x00, 0x00, 0x00, 0x00, 0x00, 0x00, 0x00, 0x00, 0x00, 0x00, 0x00, 0x00,
  0x00, 0x00, 0x00, 0x00, 0x00, 0x00, 0x00, 0x00, 0x00, 0x00, 0x00, 0x00,
  0x00, 0x00, 0x00, 0x00, 0x00, 0x00, 0x00, 0x00, 0x00, 0x00, 0x00, 0x00,
  0x00, 0x00, 0x00, 0x00, 0x00, 0x00, 0x00, 0x00, 0x00, 0x00, 0x00, 0x00,
  0x00, 0x00, 0x00, 0x00, 0x00, 0x00, 0x00, 0x00, 0x00, 0x00, 0x00, 0x00,
  0x00, 0x00, 0x00, 0x00, 0x00, 0x00, 0x00, 0x00, 0x00, 0x00, 0x00, 0x00,
  0x00, 0x00, 0x00, 0x00, 0x00, 0x00, 0x00, 0x00, 0x00, 0x00, 0x00, 0x00,
  0x00, 0x00, 0x00, 0x00, 0x00, 0x00, 0x00, 0x00, 0x00, 0x00, 0x00, 0x00,
  0x00, 0x00, 0x00, 0x00, 0x00, 0x00, 0x00, 0x00, 0x00, 0x00, 0x00, 0x00,
  0x00, 0x00, 0x00, 0x00, 0x00, 0x00, 0x00, 0x00, 0x00, 0x00, 0x00, 0x00,
  0x00, 0x00, 0x00, 0x00, 0x00, 0x00, 0x00, 0x00, 0x00, 0x00, 0x00, 0x00,
  0x00, 0x00, 0x00, 0x00, 0x00, 0x00, 0x00, 0x00, 0x00, 0x00, 0x00, 0x00,
  0x00, 0x00, 0x00, 0x00, 0x00, 0x00, 0x00, 0x00, 0x00, 0x00, 0x00, 0x00,
  0x00, 0x00, 0x00, 0x00, 0x00, 0x00, 0x00, 0x00, 0x00, 0x00, 0x00, 0x00,
  0x00, 0x00, 0x00, 0x00, 0x00, 0x00, 0x00, 0x00, 0x00, 0x00, 0x00, 0x00,
  0x00, 0x00, 0x00, 0x00, 0x20, 0x00, 0x00, 0x00, 0xe9, 0xd3, 0x69, 0x3c,
  0x2f, 0xff, 0x6e, 0x3c, 0x3c, 0xc4, 0x55, 0x3c, 0x41, 0xfe, 0x6c, 0x3c,
  0xdf, 0x20, 0x54, 0x3c, 0x8c, 0xde, 0x41, 0x3c, 0x2c, 0x03, 0x66, 0x3c,
  0x75, 0x13, 0x8b, 0x3c, 0x5d, 0xf4, 0x8d, 0x3c, 0x95, 0x47, 0x82, 0x3c,
  0x42, 0xa2, 0x62, 0x3c, 0xd7, 0xd6, 0x84, 0x3c, 0xcf, 0xa1, 0x88, 0x3c,
  0x26, 0xd9, 0x3e, 0x3c, 0x87, 0xad, 0x87, 0x3c, 0x7b, 0x1a, 0x8c, 0x3c,
  0xe7, 0x97, 0x80, 0x3c, 0x6e, 0xfd, 0x59, 0x3c, 0xe0, 0x67, 0x8c, 0x3c,
  0x59, 0xa9, 0x84, 0x3c, 0xfe, 0x4c, 0x72, 0x3c, 0x6b, 0x90, 0x75, 0x3c,
  0x00, 0x49, 0x68, 0x3c, 0x75, 0xd1, 0x36, 0x3c, 0x63, 0x46, 0x47, 0x3c,
  0xf8, 0x1c, 0x57, 0x3c, 0x7a, 0xfa, 0x7c, 0x3c, 0x29, 0x71, 0x3a, 0x3c,
  0xe9, 0x2f, 0x81, 0x3c, 0x7e, 0xbb, 0x75, 0x3c, 0x61, 0x76, 0x2d, 0x3c,
  0xde, 0xce, 0x5b, 0x3c, 0x23, 0x00, 0x00, 0x00, 0x66, 0x75, 0x6e, 0x63,
  0x74, 0x69, 0x6f, 0x6e, 0x61, 0x6c, 0x5f, 0x31, 0x2f, 0x63, 0x6f, 0x6e,
  0x76, 0x32, 0x64, 0x5f, 0x37, 0x5f, 0x31, 0x2f, 0x63, 0x6f, 0x6e, 0x76,
  0x6f, 0x6c, 0x75, 0x74, 0x69, 0x6f, 0x6e, 0x00, 0x04, 0x00, 0x00, 0x00,
  0x20, 0x00, 0x00, 0x00, 0x01, 0x00, 0x00, 0x00, 0x01, 0x00, 0x00, 0x00,
  0x20, 0x00, 0x00, 0x00, 0xb2, 0xfc, 0xff, 0xff, 0x00, 0x00, 0x00, 0x01,
  0x14, 0x00, 0x00, 0x00, 0xa4, 0x01, 0x00, 0x00, 0x05, 0x00, 0x00, 0x00,
  0x00, 0x00, 0x00, 0x02, 0x28, 0x02, 0x00, 0x00, 0xfc, 0xfb, 0xff, 0xff,
  0x08, 0x00, 0x00, 0x00, 0x08, 0x01, 0x00, 0x00, 0x20, 0x00, 0x00, 0x00,
  0x00, 0x00, 0x00, 0x00, 0x00, 0x00, 0x00, 0x00, 0x00, 0x00, 0x00, 0x00,
  0x00, 0x00, 0x00, 0x00, 0x00, 0x00, 0x00, 0x00, 0x00, 0x00, 0x00, 0x00,
  0x00, 0x00, 0x00, 0x00, 0x00, 0x00, 0x00, 0x00, 0x00, 0x00, 0x00, 0x00,
  0x00, 0x00, 0x00, 0x00, 0x00, 0x00, 0x00, 0x00, 0x00, 0x00, 0x00, 0x00,
  0x00, 0x00, 0x00, 0x00, 0x00, 0x00, 0x00, 0x00, 0x00, 0x00, 0x00, 0x00,
  0x00, 0x00, 0x00, 0x00, 0x00, 0x00, 0x00, 0x00, 0x00, 0x00, 0x00, 0x00,
  0x00, 0x00, 0x00, 0x00, 0x00, 0x00, 0x00, 0x00, 0x00, 0x00, 0x00, 0x00,
  0x00, 0x00, 0x00, 0x00, 0x00, 0x00, 0x00, 0x00, 0x00, 0x00, 0x00, 0x00,
  0x00, 0x00, 0x00, 0x00, 0x00, 0x00, 0x00, 0x00, 0x00, 0x00, 0x00, 0x00,
  0x00, 0x00, 0x00, 0x00, 0x00, 0x00, 0x00, 0x00, 0x00, 0x00, 0x00, 0x00,
  0x00, 0x00, 0x00, 0x00, 0x00, 0x00, 0x00, 0x00, 0x00, 0x00, 0x00, 0x00,
  0x00, 0x00, 0x00, 0x00, 0x00, 0x00, 0x00, 0x00, 0x00, 0x00, 0x00, 0x00,
  0x00, 0x00, 0x00, 0x00, 0x00, 0x00, 0x00, 0x00, 0x00, 0x00, 0x00, 0x00,
  0x00, 0x00, 0x00, 0x00, 0x00, 0x00, 0x00, 0x00, 0x00, 0x00, 0x00, 0x00,
  0x00, 0x00, 0x00, 0x00, 0x00, 0x00, 0x00, 0x00, 0x00, 0x00, 0x00, 0x00,
  0x00, 0x00, 0x00, 0x00, 0x00, 0x00, 0x00, 0x00, 0x00, 0x00, 0x00, 0x00,
  0x00, 0x00, 0x00, 0x00, 0x00, 0x00, 0x00, 0x00, 0x00, 0x00, 0x00, 0x00,
  0x00, 0x00, 0x00, 0x00, 0x00, 0x00, 0x00, 0x00, 0x00, 0x00, 0x00, 0x00,
  0x00, 0x00, 0x00, 0x00, 0x00, 0x00, 0x00, 0x00, 0x00, 0x00, 0x00, 0x00,
  0x00, 0x00, 0x00, 0x00, 0x00, 0x00, 0x00, 0x00, 0x00, 0x00, 0x00, 0x00,
  0x00, 0x00, 0x00, 0x00, 0x00, 0x00, 0x00, 0x00, 0x00, 0x00, 0x00, 0x00,
  0x00, 0x00, 0x00, 0x00, 0x20, 0x00, 0x00, 0x00, 0xf3, 0x65, 0x03, 0x3a,
  0x8e, 0x4d, 0x06, 0x3a, 0xf8, 0x3f, 0xf0, 0x39, 0x51, 0x2d, 0x05, 0x3a,
  0xa7, 0x68, 0xee, 0x39, 0x3b, 0xe3, 0xd9, 0x39, 0x14, 0x41, 0x01, 0x3a,
  0x56, 0x4e, 0x1c, 0x3a, 0x8a, 0x8a, 0x1f, 0x3a, 0x7b, 0x6b, 0x12, 0x3a,
  0x16, 0xb6, 0xfe, 0x39, 0xeb, 0x4b, 0x15, 0x3a, 0x2d, 0x8f, 0x19, 0x3a,
  0x04, 0x7e, 0xd6, 0x39, 0xa2, 0x7c, 0x18, 0x3a, 0xf2, 0x75, 0x1d, 0x3a,
  0x52, 0x86, 0x10, 0x3a, 0x1d, 0xff, 0xf4, 0x39, 0xee, 0xcc, 0x1d, 0x3a,
  0xca, 0x18, 0x15, 0x3a, 0xdb, 0x28, 0x08, 0x3a, 0x51, 0xfe, 0x09, 0x3a,
  0x08, 0x88, 0x02, 0x3a, 0xa6, 0x77, 0xcd, 0x39, 0x83, 0xf6, 0xdf, 0x39,
  0x6a, 0xc3, 0xf1, 0x39, 0xec, 0x28, 0x0e, 0x3a, 0x48, 0x8a, 0xd1, 0x39,
  0x29, 0x31, 0x11, 0x3a, 0x86, 0x16, 0x0a, 0x3a, 0xd8, 0xf3, 0xc2, 0x39,
  0x37, 0x0a, 0xf7, 0x39, 0x8b, 0x00, 0x00, 0x00, 0x66, 0x75, 0x6e, 0x63,
  0x74, 0x69, 0x6f, 0x6e, 0x61, 0x6c, 0x5f, 0x31, 0x2f, 0x62, 0x61, 0x74,
  0x63, 0x68, 0x5f, 0x6e, 0x6f, 0x72, 0x6d, 0x61, 0x6c, 0x69, 0x7a, 0x61,
  0x74, 0x69, 0x6f, 0x6e, 0x5f, 0x37, 0x5f, 0x31, 0x2f, 0x62, 0x61, 0x74,
  0x63, 0x68, 0x6e, 0x6f, 0x72, 0x6d, 0x2f, 0x61, 0x64, 0x64, 0x5f, 0x31,
  0x3b, 0x66, 0x75, 0x6e, 0x63, 0x74, 0x69, 0x6f, 0x6e, 0x61, 0x6c, 0x5f,
  0x31, 0x2f, 0x63, 0x6f, 0x6e, 0x76, 0x32, 0x64, 0x5f, 0x37, 0x5f, 0x31,
  0x2f, 0x63, 0x6f, 0x6e, 0x76, 0x6f, 0x6c, 0x75, 0x74, 0x69, 0x6f, 0x6e,
  0x3b, 0x66, 0x75, 0x6e, 0x63, 0x74, 0x69, 0x6f, 0x6e, 0x61, 0x6c, 0x5f,
  0x31, 0x2f, 0x62, 0x61, 0x74, 0x63, 0x68, 0x5f, 0x6e, 0x6f, 0x72, 0x6d,
  0x61, 0x6c, 0x69, 0x7a, 0x61, 0x74, 0x69, 0x6f, 0x6e, 0x5f, 0x37, 0x5f,
  0x31, 0x2f, 0x62, 0x61, 0x74, 0x63, 0x68, 0x6e, 0x6f, 0x72, 0x6d, 0x2f,
  0x73, 0x75, 0x62, 0x00, 0x01, 0x00, 0x00, 0x00, 0x20, 0x00, 0x00, 0x00,
  0xfa, 0xfe, 0xff, 0xff, 0x00, 0x00, 0x00, 0x01, 0x14, 0x00, 0x00, 0x00,
  0x48, 0x00, 0x00, 0x00, 0x04, 0x00, 0x00, 0x00, 0x00, 0x00, 0x00, 0x09,
  0x5c, 0x00, 0x00, 0x00, 0x44, 0xfe, 0xff, 0xff, 0x08, 0x00, 0x00, 0x00,
  0x20, 0x00, 0x00, 0x00, 0x03, 0x00, 0x00, 0x00, 0x00, 0x00, 0x00, 0x00,
  0x00, 0x00, 0x00, 0x00, 0x00, 0x00, 0x00, 0x00, 0x00, 0x00, 0x00, 0x00,
  0x00, 0x00, 0x00, 0x00, 0x00, 0x00, 0x00, 0x00, 0x03, 0x00, 0x00, 0x00,
  0x5d, 0x1a, 0xab, 0x3b, 0xb5, 0x68, 0xb4, 0x3b, 0x3a, 0x2f, 0xa5, 0x3b,
  0x1b, 0x00, 0x00, 0x00, 0x66, 0x75, 0x6e, 0x63, 0x74, 0x69, 0x6f, 0x6e,
  0x61, 0x6c, 0x5f, 0x31, 0x2f, 0x64, 0x65, 0x6e, 0x73, 0x65, 0x5f, 0x31,
  0x2f, 0x4d, 0x61, 0x74, 0x4d, 0x75, 0x6c, 0x00, 0x02, 0x00, 0x00, 0x00,
  0x03, 0x00, 0x00, 0x00, 0x20, 0x00, 0x00, 0x00, 0x7a, 0xff, 0xff, 0xff,
  0x00, 0x00, 0x00, 0x01, 0x14, 0x00, 0x00, 0x00, 0x4c, 0x00, 0x00, 0x00,
  0x03, 0x00, 0x00, 0x00, 0x00, 0x00, 0x00, 0x02, 0x64, 0x00, 0x00, 0x00,
  0xc4, 0xfe, 0xff, 0xff, 0x08, 0x00, 0x00, 0x00, 0x24, 0x00, 0x00, 0x00,
  0x03, 0x00, 0x00, 0x00, 0x00, 0x00, 0x00, 0x00, 0x00, 0x00, 0x00, 0x00,
  0x00, 0x00, 0x00, 0x00, 0x00, 0x00, 0x00, 0x00, 0x00, 0x00, 0x00, 0x00,
  0x00, 0x00, 0x00, 0x00, 0x00, 0x00, 0x00, 0x00, 0x03, 0x00, 0x00, 0x00,
  0x69, 0x7c, 0xd4, 0x38, 0xf2, 0x0a, 0xe0, 0x38, 0xd2, 0x22, 0xcd, 0x38,
  0x1c, 0x00, 0x00, 0x00, 0x66, 0x75, 0x6e, 0x63, 0x74, 0x69, 0x6f, 0x6e,
  0x61, 0x6c, 0x5f, 0x31, 0x2f, 0x64, 0x65, 0x6e, 0x73, 0x65, 0x5f, 0x31,
  0x2f, 0x42, 0x69, 0x61, 0x73, 0x41, 0x64, 0x64, 0x00, 0x00, 0x00, 0x00,
  0x01, 0x00, 0x00, 0x00, 0x03, 0x00, 0x00, 0x00, 0x00, 0x00, 0x16, 0x00,
  0x1c, 0x00, 0x18, 0x00, 0x17, 0x00, 0x10, 0x00, 0x0c, 0x00, 0x08, 0x00,
  0x00, 0x00, 0x00, 0x00, 0x00, 0x00, 0x07, 0x00, 0x16, 0x00, 0x00, 0x00,
  0x00, 0x00, 0x00, 0x01, 0x18, 0x00, 0x00, 0x00, 0x18, 0x00, 0x00, 0x00,
  0x02, 0x00, 0x00, 0x00, 0x00, 0x00, 0x00, 0x02, 0x50, 0x00, 0x00, 0x00,
  0x04, 0x00, 0x04, 0x00, 0x04, 0x00, 0x00, 0x00, 0x3e, 0x00, 0x00, 0x00,
  0x66, 0x75, 0x6e, 0x63, 0x74, 0x69, 0x6f, 0x6e, 0x61, 0x6c, 0x5f, 0x31,
  0x2f, 0x67, 0x6c, 0x6f, 0x62, 0x61, 0x6c, 0x5f, 0x61, 0x76, 0x65, 0x72,
  0x61, 0x67, 0x65, 0x5f, 0x70, 0x6f, 0x6f, 0x6c, 0x69, 0x6e, 0x67, 0x32,
  0x64, 0x5f, 0x31, 0x2f, 0x4d, 0x65, 0x61, 0x6e, 0x2f, 0x72, 0x65, 0x64,
  0x75, 0x63, 0x74, 0x69, 0x6f, 0x6e, 0x5f, 0x69, 0x6e, 0x64, 0x69, 0x63,
  0x65, 0x73, 0x00, 0x00, 0x01, 0x00, 0x00, 0x00, 0x02, 0x00, 0x00, 0x00,
  0x00, 0x00, 0x16, 0x00, 0x20, 0x00, 0x1c, 0x00, 0x1b, 0x00, 0x14, 0x00,
  0x10, 0x00, 0x0c, 0x00, 0x00, 0x00, 0x00, 0x00, 0x08, 0x00, 0x07, 0x00,
  0x16, 0x00, 0x00, 0x00, 0x00, 0x00, 0x00, 0x01, 0x18, 0x00, 0x00, 0x00,
  0x34, 0x00, 0x00, 0x00, 0x54, 0x00, 0x00, 0x00, 0x01, 0x00, 0x00, 0x00,
  0x00, 0x00, 0x00, 0x09, 0x6c, 0x00, 0x00, 0x00, 0x04, 0x00, 0x00, 0x00,
  0xff, 0xff, 0xff, 0xff, 0x28, 0x00, 0x00, 0x00, 0x31, 0x00, 0x00, 0x00,
  0x01, 0x00, 0x00, 0x00, 0x0c, 0x00, 0x0c, 0x00, 0x00, 0x00, 0x00, 0x00,
  0x08, 0x00, 0x04, 0x00, 0x0c, 0x00, 0x00, 0x00, 0x08, 0x00, 0x00, 0x00,
  0x14, 0x00, 0x00, 0x00, 0x01, 0x00, 0x00, 0x00, 0x80, 0xff, 0xff, 0xff,
  0xff, 0xff, 0xff, 0xff, 0x00, 0x00, 0x00, 0x00, 0x01, 0x00, 0x00, 0x00,
  0x81, 0x80, 0x80, 0x3b, 0x1e, 0x00, 0x00, 0x00, 0x73, 0x65, 0x72, 0x76,
  0x69, 0x6e, 0x67, 0x5f, 0x64, 0x65, 0x66, 0x61, 0x75, 0x6c, 0x74, 0x5f,
  0x6b, 0x65, 0x72, 0x61, 0x73, 0x5f, 0x74, 0x65, 0x6e, 0x73, 0x6f, 0x72,
  0x3a, 0x30, 0x00, 0x00, 0x04, 0x00, 0x00, 0x00, 0x01, 0x00, 0x00, 0x00,
  0x28, 0x00, 0x00, 0x00, 0x31, 0x00, 0x00, 0x00, 0x01, 0x00, 0x00, 0x00,
  0x06, 0x00, 0x00, 0x00, 0x80, 0x00, 0x00, 0x00, 0x60, 0x00, 0x00, 0x00,
  0x54, 0x00, 0x00, 0x00, 0x38, 0x00, 0x00, 0x00, 0x18, 0x00, 0x00, 0x00,
  0x04, 0x00, 0x00, 0x00, 0xa4, 0xff, 0xff, 0xff, 0x19, 0x00, 0x00, 0x00,
  0x02, 0x00, 0x00, 0x00, 0x00, 0x00, 0x00, 0x19, 0xb4, 0xff, 0xff, 0xff,
  0x09, 0x00, 0x00, 0x00, 0x04, 0x00, 0x00, 0x00, 0x00, 0x00, 0x00, 0x09,
  0x0c, 0x00, 0x0e, 0x00, 0x0d, 0x00, 0x00, 0x00, 0x08, 0x00, 0x04, 0x00,
  0x0c, 0x00, 0x00, 0x00, 0x28, 0x00, 0x00, 0x00, 0x02, 0x00, 0x00, 0x00,
  0x00, 0x28, 0x0a, 0x00, 0x08, 0x00, 0x00, 0x00, 0x00, 0x00, 0x04, 0x00,
  0x0a, 0x00, 0x00, 0x00, 0x02, 0x00, 0x00, 0x00, 0xf0, 0xff, 0xff, 0xff,
  0x04, 0x00, 0x00, 0x00, 0x03, 0x00, 0x00, 0x00, 0x00, 0x00, 0x00, 0x04,
  0x0c, 0x00, 0x10, 0x00, 0x0f, 0x00, 0x00, 0x00, 0x08, 0x00, 0x04, 0x00,
  0x0c, 0x00, 0x00, 0x00, 0x03, 0x00, 0x00, 0x00, 0x03, 0x00, 0x00, 0x00,
  0x00, 0x00, 0x00, 0x03,
};
const unsigned int res8_activate_int8_tflite_len = 27256;
